,Unnamed: 0.1,Unnamed: 0,train_loss,test_loss,train_predict,train_label,validation_predict,validation_label
0,0,1,17.04983139,17.1386795,1043.136118709172,1098.442429816266,1043.136118709172,1098.442429816266
1,1,2,15.86165047,15.78001022,1162.469518546895,1237.5480374738297,1162.469518546895,1237.5480374738297
2,2,3,14.51143074,14.11166286,1265.523259647731,1358.963258291481,1265.523259647731,1358.963258291481
3,3,4,12.63380241,11.94246864,1327.3300867419587,1462.1710734472929,1327.3300867419587,1462.1710734472929
4,4,5,10.40966797,9.743084908,1033.2810157221338,835.4946757479061,1033.2810157221338,835.4946757479061
5,5,6,8.344404221,7.687574387,1146.903200085247,997.3978197098008,1146.903200085247,997.3978197098008
6,6,7,6.365860462,5.704973698,951.6905482207244,892.4143110406687,951.6905482207244,892.4143110406687
7,7,8,4.479725838,3.911523342,1206.3217330965763,1177.1211502590445,1206.3217330965763,1177.1211502590445
8,8,9,2.869906425,2.43547821,1068.3502381032165,1072.5807739927227,1068.3502381032165,1072.5807739927227
9,9,10,1.655413151,1.371045947,861.089314188511,883.0710955049601,861.089314188511,883.0710955049601
10,10,11,0.936916828,0.908643901,1041.4823018943869,895.6619900552307,1041.4823018943869,895.6619900552307
11,11,12,0.558555245,0.544064403,1263.0901126000797,1029.8045786111068,1263.0901126000797,1029.8045786111068
12,12,13,0.414154887,0.474831611,1330.5959781340287,1373.2363118381768,1330.5959781340287,1373.2363118381768
13,13,14,0.369685262,0.432943374,993.3784144623247,874.5049768594745,993.3784144623247,874.5049768594745
14,14,15,0.362341791,0.443301916,1146.1880252785509,1067.7517288622214,1146.1880252785509,1067.7517288622214
15,15,16,0.3614645,0.450481772,879.653150701258,922.6210147390127,879.653150701258,922.6210147390127
16,16,17,0.349641562,0.458477318,1077.8117410367834,1196.3553617885589,1077.8117410367834,1196.3553617885589
17,17,18,0.337653279,0.438340276,880.4081002769346,1281.9233061880573,880.4081002769346,1281.9233061880573
18,18,19,0.322989613,0.41883567,957.7966931194268,1065.9869096005814,957.7966931194268,1065.9869096005814
19,19,20,0.31298241,0.406291157,1324.7766316531051,1211.4848756515526,1324.7766316531051,1211.4848756515526
20,20,21,0.308108777,0.3982988,983.2248411834553,1021.6719943125477,983.2248411834553,1021.6719943125477
21,21,22,0.306089044,0.399676472,861.0725907060987,884.8278056058122,861.0725907060987,884.8278056058122
22,22,23,0.301520079,0.404396564,1222.3561495412978,1302.6966630225875,1222.3561495412978,1302.6966630225875
23,23,24,0.295306921,0.40211609,1116.8102373372374,1074.6543794622132,1116.8102373372374,1074.6543794622132
24,24,25,0.288743734,0.394839466,1427.843267648965,1383.2887200127868,1427.843267648965,1383.2887200127868
25,25,26,0.283113301,0.388355255,1150.0684847087182,1117.8071855407645,1150.0684847087182,1117.8071855407645
26,26,27,0.279043198,0.384919256,1047.7317263586226,1362.0753149152868,1047.7317263586226,1362.0753149152868
27,27,28,0.276363611,0.384792298,1270.5069371688696,1434.622526067914,1270.5069371688696,1434.622526067914
28,28,29,0.274111331,0.38600409,1187.1819068811544,1403.2291729784238,1187.1819068811544,1403.2291729784238
29,29,30,0.271621048,0.386227787,865.6449875445063,1057.749198673312,865.6449875445063,1057.749198673312
30,30,31,0.26886034,0.384284973,1135.2155862845461,1418.150959388177,1135.2155862845461,1418.150959388177
31,31,32,0.26588431,0.381081849,1393.6105384374523,1407.937537843949,1393.6105384374523,1407.937537843949
32,32,33,0.263016403,0.37777096,1227.3796284188297,1046.654617106648,1227.3796284188297,1046.654617106648
33,33,34,0.260491461,0.375094801,876.3804529316081,883.0248068199363,876.3804529316081,883.0248068199363
34,34,35,0.2583552,0.373049289,1348.6087905243633,1306.5470786767198,1348.6087905243633,1306.5470786767198
35,35,36,0.256453156,0.371237725,1284.7810807994747,1425.3615985736465,1284.7810807994747,1425.3615985736465
36,36,37,0.254632503,0.369306028,947.4803517017197,879.6776111206847,947.4803517017197,879.6776111206847
37,37,38,0.252817422,0.367206842,1050.17944330828,1065.03308618,1050.17944330828,1065.03308618
38,38,39,0.251010239,0.365032047,1137.9201642255973,1143.3914548905254,1137.9201642255973,1143.3914548905254
39,39,40,0.249256328,0.362911612,1107.082009482269,509.83577692666404,1107.082009482269,509.83577692666404
40,40,41,0.24760884,0.361075401,1259.6072679226593,1088.9079178481927,1259.6072679226593,1088.9079178481927
41,41,42,0.246079862,0.359378844,1313.9092927003983,1420.9683477201274,1313.9092927003983,1420.9683477201274
42,42,43,0.244639337,0.357838392,1129.064163022492,1214.3562896055414,1129.064163022492,1214.3562896055414
43,43,44,0.243267074,0.356387407,1110.4461945380574,1088.868914114172,1110.4461945380574,1088.868914114172
44,44,45,0.241955087,0.355000079,1097.187450775199,1191.6380369650478,1097.187450775199,1191.6380369650478
45,45,46,0.240691125,0.353667945,1020.7367554932483,1081.2243151831767,1020.7367554932483,1081.2243151831767
46,46,47,0.239459157,0.352377117,926.7441906571655,881.8726147152865,926.7441906571655,881.8726147152865
47,47,48,0.238248944,0.351152778,1135.7867370781607,1153.478559638344,1135.7867370781607,1153.478559638344
48,48,49,0.237113893,0.350028813,1325.7423662344509,1490.6735771843153,1325.7423662344509,1490.6735771843153
49,49,50,0.236010745,0.348948359,924.5729827966799,1006.4893056247133,924.5729827966799,1006.4893056247133
50,50,51,0.234956935,0.347996742,1125.743315448949,1195.2741314876591,1125.743315448949,1195.2741314876591
51,51,52,0.233949512,0.34709534,904.4513100279855,891.9459205960588,904.4513100279855,891.9459205960588
52,52,53,0.232966229,0.346288174,905.7048799361943,979.5944629545143,905.7048799361943,979.5944629545143
53,53,54,0.23201263,0.345505565,839.1594049136942,833.8630860099044,839.1594049136942,833.8630860099044
54,54,55,0.231064036,0.344685137,958.54281567418,975.5774239867436,958.54281567418,975.5774239867436
55,55,56,0.230116427,0.343926936,1344.49901466207,1365.6284567111463,1344.49901466207,1365.6284567111463
56,56,57,0.229202151,0.343270272,878.2256193535827,1121.9047843681687,878.2256193535827,1121.9047843681687
57,57,58,0.228295133,0.342610091,1028.7529666876433,935.3191629109872,1028.7529666876433,935.3191629109872
58,58,59,0.227389202,0.341940492,931.62072090625,807.4160019522772,931.62072090625,807.4160019522772
59,59,60,0.226482347,0.3412669,914.0494456739809,1186.3005607468313,914.0494456739809,1186.3005607468313
60,60,61,0.225578308,0.340590209,1032.100800484793,915.9231138020699,1032.100800484793,915.9231138020699
61,61,62,0.224671319,0.339889377,1397.4765343152628,1425.6309290614652,1397.4765343152628,1425.6309290614652
62,62,63,0.22377798,0.339235067,822.6462289335191,889.650230470621,822.6462289335191,889.650230470621
63,63,64,0.222901672,0.338536412,937.3513717793393,934.0013844017834,937.3513717793393,934.0013844017834
64,64,65,0.222033694,0.337890625,1027.4783129613854,1175.040206663726,1027.4783129613854,1175.040206663726
65,65,66,0.221148446,0.337127,1258.038504240207,1227.1250539449045,1258.038504240207,1227.1250539449045
66,66,67,0.220251918,0.33632642,1285.0144651057005,1124.8878122794986,1285.0144651057005,1124.8878122794986
67,67,68,0.219338417,0.335468978,839.1579957808359,836.9133800746577,839.1579957808359,836.9133800746577
68,68,69,0.218441665,0.334666282,1034.625461405995,1076.6112661911784,1034.625461405995,1076.6112661911784
69,69,70,0.217556626,0.333891481,1139.6604433055732,1147.161496796911,1139.6604433055732,1147.161496796911
70,70,71,0.216695517,0.333173603,865.3321068751433,989.9718756585509,865.3321068751433,989.9718756585509
71,71,72,0.215843469,0.332484901,781.8917138049363,1109.2501863777388,781.8917138049363,1109.2501863777388
72,72,73,0.21499832,0.331787676,979.0647353494505,1289.9879862352946,979.0647353494505,1289.9879862352946
73,73,74,0.214169696,0.331175506,1031.7704252980573,1215.5373556400796,1031.7704252980573,1215.5373556400796
74,74,75,0.213364884,0.330609322,939.0181366639729,1016.7234919380414,939.0181366639729,1016.7234919380414
75,75,76,0.212574288,0.330116361,985.2879180376274,1071.455887160629,985.2879180376274,1071.455887160629
76,76,77,0.211811662,0.329687089,1157.7965149398885,1197.155855601712,1157.7965149398885,1197.155855601712
77,77,78,0.211073816,0.32937637,999.4777263960349,876.8468227328742,999.4777263960349,876.8468227328742
78,78,79,0.210345015,0.328982919,1217.7908515420063,1146.1103900342835,1217.7908515420063,1146.1103900342835
79,79,80,0.20959574,0.328594595,1137.2233879082962,1208.8794421714172,1137.2233879082962,1208.8794421714172
80,80,81,0.208853051,0.328183949,1102.5278781961943,1453.1152412524364,1102.5278781961943,1453.1152412524364
81,81,82,0.208098605,0.3278009,862.2403364470143,888.2777084792436,862.2403364470143,888.2777084792436
82,82,83,0.207364708,0.327464134,976.6849758259394,1279.5455938953023,976.6849758259394,1279.5455938953023
83,83,84,0.206619799,0.327130049,960.4972297737896,952.43340052375,960.4972297737896,952.43340052375
84,84,85,0.205889478,0.326782137,1023.4783431123884,967.2161081791321,1023.4783431123884,967.2161081791321
85,85,86,0.205126554,0.326457262,1356.4040337341323,1434.3734020135353,1356.4040337341323,1434.3734020135353
86,86,87,0.204391286,0.326146543,814.938591247675,803.2487175169186,814.938591247675,803.2487175169186
87,87,88,0.203604102,0.325831532,1157.0314089726674,886.1833914154777,1157.0314089726674,886.1833914154777
88,88,89,0.202847883,0.325532138,897.1275414026671,894.1289066802467,897.1275414026671,894.1289066802467
89,89,90,0.20202437,0.325239003,1019.4013761170222,1004.3303811487658,1019.4013761170222,1004.3303811487658
90,90,91,0.201243192,0.32496655,1137.8633735126673,1048.2607626909635,1137.8633735126673,1048.2607626909635
91,91,92,0.20037815,0.3247208,800.889217601672,903.1155052531609,800.889217601672,903.1155052531609
92,92,93,0.199567884,0.324485183,1182.7327426993152,1518.8085365320383,1182.7327426993152,1518.8085365320383
93,93,94,0.198660031,0.324290991,1184.955556727309,1395.8314913465765,1184.955556727309,1395.8314913465765
94,94,95,0.197799161,0.32405141,981.5807819490286,917.1785980039728,981.5807819490286,917.1785980039728
95,95,96,0.196842521,0.323931038,1065.515727477667,1411.5052229544028,1065.515727477667,1411.5052229544028
96,96,97,0.195934147,0.323794872,1187.447063145223,971.8595199961145,1187.447063145223,971.8595199961145
97,97,98,0.19494386,0.323812574,928.3288004374203,1232.5472908339173,928.3288004374203,1232.5472908339173
98,98,99,0.193975165,0.323799014,1334.4817284592675,1343.8871319526272,1334.4817284592675,1343.8871319526272
99,99,100,0.192938119,0.323885947,1219.617486537524,1255.5680018781052,1219.617486537524,1255.5680018781052
100,100,101,0.191886365,0.323910207,85.19250000000002,85.19250000000002,85.19250000000002,85.19250000000002
101,101,102,0.190787241,0.323993236,85.19250000000002,85.19250000000002,85.19250000000002,85.19250000000002
102,102,103,0.189661905,0.323996246,85.19250000000002,85.19250000000002,85.19250000000002,85.19250000000002
103,103,104,0.18851465,0.323998094,85.19250000000002,85.19250000000002,85.19250000000002,85.19250000000002
104,104,105,0.187349364,0.323966682,85.19250000000002,85.19250000000002,85.19250000000002,85.19250000000002
105,105,106,0.18618378,0.323885113,85.19250000000002,85.19250000000002,85.19250000000002,85.19250000000002
106,106,107,0.185011297,0.323788643,85.19250000000002,85.19250000000002,85.19250000000002,85.19250000000002
107,107,108,0.183865741,0.323671877,85.19250000000002,85.19250000000002,85.19250000000002,85.19250000000002
108,108,109,0.182737783,0.323539734,85.19250000000002,85.19250000000002,85.19250000000002,85.19250000000002
109,109,110,0.181666166,0.323405653,85.19250000000002,85.19250000000002,85.19250000000002,85.19250000000002
110,110,111,0.180658519,0.323178321,85.19250000000002,85.19250000000002,85.19250000000002,85.19250000000002
111,111,112,0.17969723,0.322864413,85.19250000000002,85.19250000000002,85.19250000000002,85.19250000000002
112,112,113,0.178830504,0.32242763,85.19250000000002,85.19250000000002,85.19250000000002,85.19250000000002
113,113,114,0.178009763,0.321878582,85.19250000000002,85.19250000000002,85.19250000000002,85.19250000000002
114,114,115,0.177250788,0.321293861,85.19250000000002,85.19250000000002,85.19250000000002,85.19250000000002
115,115,116,0.176521793,0.320735157,85.19250000000002,85.19250000000002,85.19250000000002,85.19250000000002
116,116,117,0.175802454,0.320296824,85.19250000000002,85.19250000000002,85.19250000000002,85.19250000000002
117,117,118,0.175085351,0.320064247,85.19250000000002,85.19250000000002,85.19250000000002,85.19250000000002
118,118,119,0.174362317,0.32005921,85.19250000000002,85.19250000000002,85.19250000000002,85.19250000000002
119,119,120,0.173665091,0.320293009,85.19250000000002,85.19250000000002,85.19250000000002,85.19250000000002
120,120,121,0.172989279,0.320697248,85.19250000000002,85.19250000000002,85.19250000000002,85.19250000000002
121,121,122,0.172365457,0.321228623,85.19250000000002,85.19250000000002,85.19250000000002,85.19250000000002
122,122,123,0.171808764,0.321817249,85.19250000000002,85.19250000000002,85.19250000000002,85.19250000000002
123,123,124,0.171285674,0.322329134,85.19250000000002,85.19250000000002,85.19250000000002,85.19250000000002
124,124,125,0.170793235,0.322742641,85.19250000000002,85.19250000000002,85.19250000000002,85.19250000000002
125,125,126,0.170313135,0.323037595,85.19250000000002,85.19250000000002,85.19250000000002,85.19250000000002
126,126,127,0.169830248,0.323203951,85.19250000000002,85.19250000000002,85.19250000000002,85.19250000000002
127,127,128,0.169348642,0.323283494,85.19250000000002,85.19250000000002,85.19250000000002,85.19250000000002
128,128,129,0.16886726,0.323339224,85.19250000000002,85.19250000000002,85.19250000000002,85.19250000000002
129,129,130,0.168382525,0.323313475,85.19250000000002,85.19250000000002,85.19250000000002,85.19250000000002
130,130,131,0.167892888,0.323247343,85.19250000000002,85.19250000000002,85.19250000000002,85.19250000000002
131,131,132,0.16740188,0.323122591,85.19250000000002,85.19250000000002,85.19250000000002,85.19250000000002
132,132,133,0.166889936,0.322945952,85.19250000000002,85.19250000000002,85.19250000000002,85.19250000000002
133,133,134,0.166369095,0.322758108,85.19250000000002,85.19250000000002,85.19250000000002,85.19250000000002
134,134,135,0.165837914,0.322563767,85.19250000000002,85.19250000000002,85.19250000000002,85.19250000000002
135,135,136,0.16529797,0.322359383,85.19250000000002,85.19250000000002,85.19250000000002,85.19250000000002
136,136,137,0.164750427,0.322182208,85.19250000000002,85.19250000000002,85.19250000000002,85.19250000000002
137,137,138,0.164202422,0.322017521,85.19250000000002,85.19250000000002,85.19250000000002,85.19250000000002
138,138,139,0.163644925,0.321855307,85.19250000000002,85.19250000000002,85.19250000000002,85.19250000000002
139,139,140,0.163082585,0.321721047,85.19250000000002,85.19250000000002,85.19250000000002,85.19250000000002
140,140,141,0.162515029,0.32163161,85.19250000000002,85.19250000000002,85.19250000000002,85.19250000000002
141,141,142,0.161947131,0.321591765,85.19250000000002,85.19250000000002,85.19250000000002,85.19250000000002
142,142,143,0.161382288,0.321582615,85.19250000000002,85.19250000000002,85.19250000000002,85.19250000000002
143,143,144,0.160819724,0.321613967,85.19250000000002,85.19250000000002,85.19250000000002,85.19250000000002
144,144,145,0.160250396,0.321694881,85.19250000000002,85.19250000000002,85.19250000000002,85.19250000000002
145,145,146,0.159688264,0.321921229,85.19250000000002,85.19250000000002,85.19250000000002,85.19250000000002
146,146,147,0.15912731,0.322118163,85.19250000000002,85.19250000000002,85.19250000000002,85.19250000000002
147,147,148,0.158583149,0.322289079,85.19250000000002,85.19250000000002,85.19250000000002,85.19250000000002
148,148,149,0.158055231,0.32242462,85.19250000000002,85.19250000000002,85.19250000000002,85.19250000000002
149,149,150,0.157516524,0.322519213,85.19250000000002,85.19250000000002,85.19250000000002,85.19250000000002
150,150,151,0.156968921,0.322610199,85.19250000000002,85.19250000000002,85.19250000000002,85.19250000000002
151,151,152,0.156428128,0.322702914,85.19250000000002,85.19250000000002,85.19250000000002,85.19250000000002
152,152,153,0.15588814,0.322780371,85.19250000000002,85.19250000000002,85.19250000000002,85.19250000000002
153,153,154,0.155347049,0.322811723,85.19250000000002,85.19250000000002,85.19250000000002,85.19250000000002
154,154,155,0.154805481,0.322817087,85.19250000000002,85.19250000000002,85.19250000000002,85.19250000000002
155,155,156,0.154264018,0.322803885,85.19250000000002,85.19250000000002,85.19250000000002,85.19250000000002
156,156,157,0.15372172,0.322750449,85.19250000000002,85.19250000000002,85.19250000000002,85.19250000000002
157,157,158,0.153180107,0.322647929,85.19250000000002,85.19250000000002,85.19250000000002,85.19250000000002
158,158,159,0.152639076,0.32249999,85.19250000000002,85.19250000000002,85.19250000000002,85.19250000000002
159,159,160,0.15209727,0.322286755,85.19250000000002,85.19250000000002,85.19250000000002,85.19250000000002
160,160,161,0.151555359,0.322040975,85.19250000000002,85.19250000000002,85.19250000000002,85.19250000000002
161,161,162,0.151012853,0.321707487,85.19250000000002,85.19250000000002,85.19250000000002,85.19250000000002
162,162,163,0.150475219,0.32139045,85.19250000000002,85.19250000000002,85.19250000000002,85.19250000000002
163,163,164,0.149940059,0.321041942,85.19250000000002,85.19250000000002,85.19250000000002,85.19250000000002
164,164,165,0.14941214,0.320732504,85.19250000000002,85.19250000000002,85.19250000000002,85.19250000000002
165,165,166,0.148891896,0.320383102,85.19250000000002,85.19250000000002,85.19250000000002,85.19250000000002
166,166,167,0.148388535,0.320106953,85.19250000000002,85.19250000000002,85.19250000000002,85.19250000000002
167,167,168,0.147903636,0.31987676,85.19250000000002,85.19250000000002,85.19250000000002,85.19250000000002
168,168,169,0.1474659,0.319745898,85.19250000000002,85.19250000000002,85.19250000000002,85.19250000000002
169,169,170,0.147061437,0.319793731,85.19250000000002,85.19250000000002,85.19250000000002,85.19250000000002
170,170,171,0.146713197,0.319873959,85.19250000000002,85.19250000000002,85.19250000000002,85.19250000000002
171,171,172,0.146391839,0.320161223,85.19250000000002,85.19250000000002,85.19250000000002,85.19250000000002
172,172,173,0.146157593,0.320410043,85.19250000000002,85.19250000000002,85.19250000000002,85.19250000000002
173,173,174,0.145950466,0.32099244,85.19250000000002,85.19250000000002,85.19250000000002,85.19250000000002
174,174,175,0.145851821,0.321339905,85.19250000000002,85.19250000000002,85.19250000000002,85.19250000000002
175,175,176,0.145753995,0.322202444,85.19250000000002,85.19250000000002,85.19250000000002,85.19250000000002
176,176,177,0.145750791,0.322676688,85.19250000000002,85.19250000000002,85.19250000000002,85.19250000000002
177,177,178,0.145943135,0.323762059,85.19250000000002,85.19250000000002,85.19250000000002,85.19250000000002
178,178,179,0.147170082,0.325120091,85.19250000000002,85.19250000000002,85.19250000000002,85.19250000000002
179,179,180,0.146423593,0.311414659,85.19250000000002,85.19250000000002,85.19250000000002,85.19250000000002
180,180,181,0.148504853,0.292408347,85.19250000000002,85.19250000000002,85.19250000000002,85.19250000000002
181,181,182,0.162981108,0.305944115,85.19250000000002,85.19250000000002,85.19250000000002,85.19250000000002
182,182,183,0.168625876,0.337515116,85.19250000000002,85.19250000000002,85.19250000000002,85.19250000000002
183,183,184,0.178262174,0.338536531,85.19250000000002,85.19250000000002,85.19250000000002,85.19250000000002
184,184,185,0.187938869,0.352499664,85.19250000000002,85.19250000000002,85.19250000000002,85.19250000000002
185,185,186,0.149206445,0.313585579,85.19250000000002,85.19250000000002,85.19250000000002,85.19250000000002
186,186,187,0.15217112,0.309704602,85.19250000000002,85.19250000000002,85.19250000000002,85.19250000000002
187,187,188,0.144999877,0.328680724,85.19250000000002,85.19250000000002,85.19250000000002,85.19250000000002
188,188,189,0.139978975,0.316032439,85.19250000000002,85.19250000000002,85.19250000000002,85.19250000000002
189,189,190,0.141132683,0.326246172,85.19250000000002,85.19250000000002,85.19250000000002,85.19250000000002
190,190,191,0.145658851,0.300948113,85.19250000000002,85.19250000000002,85.19250000000002,85.19250000000002
191,191,192,0.145091593,0.327502847,85.19250000000002,85.19250000000002,85.19250000000002,85.19250000000002
192,192,193,0.147455156,0.343773842,85.19250000000002,85.19250000000002,85.19250000000002,85.19250000000002
193,193,194,0.151220202,0.324105531,85.19250000000002,85.19250000000002,85.19250000000002,85.19250000000002
194,194,195,0.137609765,0.296739221,85.19250000000002,85.19250000000002,85.19250000000002,85.19250000000002
195,195,196,0.138592839,0.303420842,85.19250000000002,85.19250000000002,85.19250000000002,85.19250000000002
196,196,197,0.138372302,0.328016728,85.19250000000002,85.19250000000002,85.19250000000002,85.19250000000002
197,197,198,0.139573395,0.329399943,85.19250000000002,85.19250000000002,85.19250000000002,85.19250000000002
198,198,199,0.136329383,0.322793543,85.19250000000002,85.19250000000002,85.19250000000002,85.19250000000002
199,199,200,0.139423415,0.305512935,85.19250000000002,85.19250000000002,85.19250000000002,85.19250000000002
200,200,201,0.140341625,0.305802524,85.19250000000002,85.19250000000002,85.19250000000002,85.19250000000002
201,201,202,0.140421271,0.319701552,85.19250000000002,85.19250000000002,85.19250000000002,85.19250000000002
202,202,203,0.142167926,0.347783864,85.19250000000002,85.19250000000002,85.19250000000002,85.19250000000002
203,203,204,0.147681668,0.318809927,85.19250000000002,85.19250000000002,85.19250000000002,85.19250000000002
204,204,205,0.15000093,0.324111551,85.19250000000002,85.19250000000002,85.19250000000002,85.19250000000002
205,205,206,0.152566373,0.348782092,85.19250000000002,85.19250000000002,85.19250000000002,85.19250000000002
206,206,207,0.155508876,0.333671004,85.19250000000002,85.19250000000002,85.19250000000002,85.19250000000002
207,207,208,0.149371952,0.317426175,85.19250000000002,85.19250000000002,85.19250000000002,85.19250000000002
208,208,209,0.143577278,0.302985579,85.19250000000002,85.19250000000002,85.19250000000002,85.19250000000002
209,209,210,0.147326618,0.309540451,85.19250000000002,85.19250000000002,85.19250000000002,85.19250000000002
210,210,211,0.13659285,0.303693891,85.19250000000002,85.19250000000002,85.19250000000002,85.19250000000002
211,211,212,0.140006945,0.307535678,85.19250000000002,85.19250000000002,85.19250000000002,85.19250000000002
212,212,213,0.132873595,0.310092509,85.19250000000002,85.19250000000002,85.19250000000002,85.19250000000002
213,213,214,0.128114641,0.310002744,85.19250000000002,85.19250000000002,85.19250000000002,85.19250000000002
214,214,215,0.12779665,0.314801604,85.19250000000002,85.19250000000002,85.19250000000002,85.19250000000002
215,215,216,0.135673463,0.311743081,85.19250000000002,85.19250000000002,85.19250000000002,85.19250000000002
216,216,217,0.133823514,0.292541414,85.19250000000002,85.19250000000002,85.19250000000002,85.19250000000002
217,217,218,0.131792724,0.321864784,85.19250000000002,85.19250000000002,85.19250000000002,85.19250000000002
218,218,219,0.139699474,0.351334006,85.19250000000002,85.19250000000002,85.19250000000002,85.19250000000002
219,219,220,0.147744805,0.311338186,85.19250000000002,85.19250000000002,85.19250000000002,85.19250000000002
220,220,221,0.137939975,0.30573833,85.19250000000002,85.19250000000002,85.19250000000002,85.19250000000002
221,221,222,0.131040752,0.328572869,85.19250000000002,85.19250000000002,85.19250000000002,85.19250000000002
222,222,223,0.134589389,0.328004003,85.19250000000002,85.19250000000002,85.19250000000002,85.19250000000002
223,223,224,0.132854134,0.307906568,85.19250000000002,85.19250000000002,85.19250000000002,85.19250000000002
224,224,225,0.12921308,0.326301038,85.19250000000002,85.19250000000002,85.19250000000002,85.19250000000002
225,225,226,0.133539885,0.340647727,85.19250000000002,85.19250000000002,85.19250000000002,85.19250000000002
226,226,227,0.128870815,0.305160671,85.19250000000002,85.19250000000002,85.19250000000002,85.19250000000002
227,227,228,0.125393003,0.322247624,85.19250000000002,85.19250000000002,85.19250000000002,85.19250000000002
228,228,229,0.126732573,0.324801803,85.19250000000002,85.19250000000002,85.19250000000002,85.19250000000002
229,229,230,0.124216244,0.309051871,85.19250000000002,85.19250000000002,85.19250000000002,85.19250000000002
230,230,231,0.122603677,0.318873852,85.19250000000002,85.19250000000002,85.19250000000002,85.19250000000002
231,231,232,0.121857062,0.319460124,85.19250000000002,85.19250000000002,85.19250000000002,85.19250000000002
232,232,233,0.121451169,0.321504563,85.19250000000002,85.19250000000002,85.19250000000002,85.19250000000002
233,233,234,0.120513648,0.320100874,85.19250000000002,85.19250000000002,85.19250000000002,85.19250000000002
234,234,235,0.120484494,0.32356292,85.19250000000002,85.19250000000002,85.19250000000002,85.19250000000002
235,235,236,0.120745398,0.321038216,85.19250000000002,85.19250000000002,85.19250000000002,85.19250000000002
236,236,237,0.119930208,0.322971463,85.19250000000002,85.19250000000002,85.19250000000002,85.19250000000002
237,237,238,0.119732998,0.322097123,85.19250000000002,85.19250000000002,85.19250000000002,85.19250000000002
238,238,239,0.119046554,0.323722988,85.19250000000002,85.19250000000002,85.19250000000002,85.19250000000002
239,239,240,0.118692659,0.324348181,85.19250000000002,85.19250000000002,85.19250000000002,85.19250000000002
240,240,241,0.118399315,0.326509327,85.19250000000002,85.19250000000002,85.19250000000002,85.19250000000002
241,241,242,0.118058652,0.327055126,85.19250000000002,85.19250000000002,85.19250000000002,85.19250000000002
242,242,243,0.117712647,0.3289994,85.19250000000002,85.19250000000002,85.19250000000002,85.19250000000002
243,243,244,0.117220238,0.329701304,85.19250000000002,85.19250000000002,85.19250000000002,85.19250000000002
244,244,245,0.116705783,0.331240833,85.19250000000002,85.19250000000002,85.19250000000002,85.19250000000002
245,245,246,0.116560154,0.333143741,85.19250000000002,85.19250000000002,85.19250000000002,85.19250000000002
246,246,247,0.116289131,0.333920658,85.19250000000002,85.19250000000002,85.19250000000002,85.19250000000002
247,247,248,0.116492473,0.336459875,85.19250000000002,85.19250000000002,85.19250000000002,85.19250000000002
248,248,249,0.11761345,0.336000979,85.19250000000002,85.19250000000002,85.19250000000002,85.19250000000002
249,249,250,0.117037423,0.338899225,85.19250000000002,85.19250000000002,85.19250000000002,85.19250000000002
250,250,251,0.11896158,0.332748711,85.19250000000002,85.19250000000002,85.19250000000002,85.19250000000002
251,251,252,0.138428643,0.342864901,85.19250000000002,85.19250000000002,85.19250000000002,85.19250000000002
252,252,253,0.140645996,0.342188835,85.19250000000002,85.19250000000002,85.19250000000002,85.19250000000002
253,253,254,0.144877076,0.34651652,85.19250000000002,85.19250000000002,85.19250000000002,85.19250000000002
254,254,255,0.132304311,0.343703002,85.19250000000002,85.19250000000002,85.19250000000002,85.19250000000002
255,255,256,0.135072052,0.321228027,85.19250000000002,85.19250000000002,85.19250000000002,85.19250000000002
256,256,257,0.1284049,0.324837118,85.19250000000002,85.19250000000002,85.19250000000002,85.19250000000002
257,257,258,0.1290849,0.321353644,85.19250000000002,85.19250000000002,85.19250000000002,85.19250000000002
258,258,259,0.128376096,0.319739372,85.19250000000002,85.19250000000002,85.19250000000002,85.19250000000002
259,259,260,0.128474772,0.330849469,85.19250000000002,85.19250000000002,85.19250000000002,85.19250000000002
260,260,261,0.12263912,0.330271125,85.19250000000002,85.19250000000002,85.19250000000002,85.19250000000002
261,261,262,0.122249186,0.322470576,85.19250000000002,85.19250000000002,85.19250000000002,85.19250000000002
262,262,263,0.123922423,0.321475059,85.19250000000002,85.19250000000002,85.19250000000002,85.19250000000002
263,263,264,0.119827613,0.32363227,85.19250000000002,85.19250000000002,85.19250000000002,85.19250000000002
264,264,265,0.117557094,0.32125777,85.19250000000002,85.19250000000002,85.19250000000002,85.19250000000002
265,265,266,0.109568775,0.32824868,85.19250000000002,85.19250000000002,85.19250000000002,85.19250000000002
266,266,267,0.1088842,0.330934256,85.19250000000002,85.19250000000002,85.19250000000002,85.19250000000002
267,267,268,0.109198324,0.335613489,85.19250000000002,85.19250000000002,85.19250000000002,85.19250000000002
268,268,269,0.109283537,0.335716277,85.19250000000002,85.19250000000002,85.19250000000002,85.19250000000002
269,269,270,0.108730458,0.336436361,85.19250000000002,85.19250000000002,85.19250000000002,85.19250000000002
270,270,271,0.108589239,0.333264887,85.19250000000002,85.19250000000002,85.19250000000002,85.19250000000002
271,271,272,0.107648715,0.333714187,85.19250000000002,85.19250000000002,85.19250000000002,85.19250000000002
272,272,273,0.107728757,0.330565333,85.19250000000002,85.19250000000002,85.19250000000002,85.19250000000002
273,273,274,0.107398063,0.334186256,85.19250000000002,85.19250000000002,85.19250000000002,85.19250000000002
274,274,275,0.107007392,0.330395579,85.19250000000002,85.19250000000002,85.19250000000002,85.19250000000002
275,275,276,0.108400658,0.343591452,85.19250000000002,85.19250000000002,85.19250000000002,85.19250000000002
276,276,277,0.118465774,0.341573894,85.19250000000002,85.19250000000002,85.19250000000002,85.19250000000002
277,277,278,0.128594309,0.353902429,85.19250000000002,85.19250000000002,85.19250000000002,85.19250000000002
278,278,279,0.15015474,0.310583472,85.19250000000002,85.19250000000002,85.19250000000002,85.19250000000002
279,279,280,0.171915099,0.399602592,85.19250000000002,85.19250000000002,85.19250000000002,85.19250000000002
280,280,281,0.157385334,0.313716173,85.19250000000002,85.19250000000002,85.19250000000002,85.19250000000002
281,281,282,0.147302911,0.335940927,85.19250000000002,85.19250000000002,85.19250000000002,85.19250000000002
282,282,283,0.125796616,0.346657097,85.19250000000002,85.19250000000002,85.19250000000002,85.19250000000002
283,283,284,0.113728426,0.318523824,85.19250000000002,85.19250000000002,85.19250000000002,85.19250000000002
284,284,285,0.108070031,0.327059925,85.19250000000002,85.19250000000002,85.19250000000002,85.19250000000002
285,285,286,0.11072313,0.311371416,85.19250000000002,85.19250000000002,85.19250000000002,85.19250000000002
286,286,287,0.109456137,0.334903181,85.19250000000002,85.19250000000002,85.19250000000002,85.19250000000002
287,287,288,0.107593432,0.32285431,85.19250000000002,85.19250000000002,85.19250000000002,85.19250000000002
288,288,289,0.106069528,0.341138452,85.19250000000002,85.19250000000002,85.19250000000002,85.19250000000002
289,289,290,0.104215346,0.333220214,85.19250000000002,85.19250000000002,85.19250000000002,85.19250000000002
290,290,291,0.106952459,0.340475947,85.19250000000002,85.19250000000002,85.19250000000002,85.19250000000002
291,291,292,0.103744872,0.32466197,85.19250000000002,85.19250000000002,85.19250000000002,85.19250000000002
292,292,293,0.107882068,0.345180064,85.19250000000002,85.19250000000002,85.19250000000002,85.19250000000002
293,293,294,0.104922771,0.326232731,85.19250000000002,85.19250000000002,85.19250000000002,85.19250000000002
294,294,295,0.107374772,0.346428603,85.19250000000002,85.19250000000002,85.19250000000002,85.19250000000002
295,295,296,0.105306908,0.334415793,85.19250000000002,85.19250000000002,85.19250000000002,85.19250000000002
296,296,297,0.107694998,0.348721385,85.19250000000002,85.19250000000002,85.19250000000002,85.19250000000002
297,297,298,0.105454318,0.340606123,85.19250000000002,85.19250000000002,85.19250000000002,85.19250000000002
298,298,299,0.105305225,0.345647365,85.19250000000002,85.19250000000002,85.19250000000002,85.19250000000002
299,299,300,0.10390301,0.339995563,85.19250000000002,85.19250000000002,85.19250000000002,85.19250000000002
300,300,301,0.106527917,0.346988529,85.19250000000002,85.19250000000002,85.19250000000002,85.19250000000002
301,301,302,0.104322203,0.329061419,85.19250000000002,85.19250000000002,85.19250000000002,85.19250000000002
302,302,303,0.10977596,0.361939013,85.19250000000002,85.19250000000002,85.19250000000002,85.19250000000002
303,303,304,0.105867669,0.338563651,85.19250000000002,85.19250000000002,85.19250000000002,85.19250000000002
304,304,305,0.107496373,0.360840529,85.19250000000002,85.19250000000002,85.19250000000002,85.19250000000002
305,305,306,0.107656896,0.35742721,85.19250000000002,85.19250000000002,85.19250000000002,85.19250000000002
306,306,307,0.107762553,0.342580646,85.19250000000002,85.19250000000002,85.19250000000002,85.19250000000002
307,307,308,0.107365042,0.355927646,85.19250000000002,85.19250000000002,85.19250000000002,85.19250000000002
308,308,309,0.108071052,0.337451845,85.19250000000002,85.19250000000002,85.19250000000002,85.19250000000002
309,309,310,0.109374054,0.335092694,85.19250000000002,85.19250000000002,85.19250000000002,85.19250000000002
310,310,311,0.110763036,0.339855194,85.19250000000002,85.19250000000002,85.19250000000002,85.19250000000002
311,311,312,0.112708703,0.347817004,85.19250000000002,85.19250000000002,85.19250000000002,85.19250000000002
312,312,313,0.113023899,0.352648884,85.19250000000002,85.19250000000002,85.19250000000002,85.19250000000002
313,313,314,0.11008504,0.351657063,85.19250000000002,85.19250000000002,85.19250000000002,85.19250000000002
314,314,315,0.109987661,0.344448626,85.19250000000002,85.19250000000002,85.19250000000002,85.19250000000002
315,315,316,0.154745534,0.383017182,85.19250000000002,85.19250000000002,85.19250000000002,85.19250000000002
316,316,317,0.133604035,0.348898292,85.19250000000002,85.19250000000002,85.19250000000002,85.19250000000002
317,317,318,0.122497924,0.377164483,85.19250000000002,85.19250000000002,85.19250000000002,85.19250000000002
318,318,319,0.123373583,0.329876781,85.19250000000002,85.19250000000002,85.19250000000002,85.19250000000002
319,319,320,0.112954445,0.340423882,85.19250000000002,85.19250000000002,85.19250000000002,85.19250000000002
320,320,321,0.119603373,0.335058331,85.19250000000002,85.19250000000002,85.19250000000002,85.19250000000002
321,321,322,0.103260174,0.354528159,85.19250000000002,85.19250000000002,85.19250000000002,85.19250000000002
322,322,323,0.107204981,0.336895227,85.19250000000002,85.19250000000002,85.19250000000002,85.19250000000002
323,323,324,0.101464555,0.340153724,85.19250000000002,85.19250000000002,85.19250000000002,85.19250000000002
324,324,325,0.111517102,0.318612933,85.19250000000002,85.19250000000002,85.19250000000002,85.19250000000002
325,325,326,0.108254716,0.328408957,85.19250000000002,85.19250000000002,85.19250000000002,85.19250000000002
326,326,327,0.107845955,0.314440608,85.19250000000002,85.19250000000002,85.19250000000002,85.19250000000002
327,327,328,0.100339614,0.340254664,85.19250000000002,85.19250000000002,85.19250000000002,85.19250000000002
328,328,329,0.100130923,0.330742002,85.19250000000002,85.19250000000002,85.19250000000002,85.19250000000002
329,329,330,0.097589865,0.35375005,85.19250000000002,85.19250000000002,85.19250000000002,85.19250000000002
330,330,331,0.097303435,0.337505341,85.19250000000002,85.19250000000002,85.19250000000002,85.19250000000002
331,331,332,0.097299375,0.356601447,85.19250000000002,85.19250000000002,85.19250000000002,85.19250000000002
332,332,333,0.106150538,0.323279351,85.19250000000002,85.19250000000002,85.19250000000002,85.19250000000002
333,333,334,0.10746111,0.373680711,85.19250000000002,85.19250000000002,85.19250000000002,85.19250000000002
334,334,335,0.116928622,0.328201681,85.19250000000002,85.19250000000002,85.19250000000002,85.19250000000002
335,335,336,0.106180079,0.350301653,85.19250000000002,85.19250000000002,85.19250000000002,85.19250000000002
336,336,337,0.101388499,0.325403214,85.19250000000002,85.19250000000002,85.19250000000002,85.19250000000002
337,337,338,0.100514814,0.342466116,85.19250000000002,85.19250000000002,85.19250000000002,85.19250000000002
338,338,339,0.093693569,0.336688846,85.19250000000002,85.19250000000002,85.19250000000002,85.19250000000002
339,339,340,0.095698431,0.340988696,85.19250000000002,85.19250000000002,85.19250000000002,85.19250000000002
340,340,341,0.095976375,0.33078444,85.19250000000002,85.19250000000002,85.19250000000002,85.19250000000002
341,341,342,0.095830515,0.346128047,85.19250000000002,85.19250000000002,85.19250000000002,85.19250000000002
342,342,343,0.098884627,0.329885513,85.19250000000002,85.19250000000002,85.19250000000002,85.19250000000002
343,343,344,0.097663209,0.347563446,85.19250000000002,85.19250000000002,85.19250000000002,85.19250000000002
344,344,345,0.099627584,0.337092221,85.19250000000002,85.19250000000002,85.19250000000002,85.19250000000002
345,345,346,0.099754296,0.347558945,85.19250000000002,85.19250000000002,85.19250000000002,85.19250000000002
346,346,347,0.134883374,0.358050466,85.19250000000002,85.19250000000002,85.19250000000002,85.19250000000002
347,347,348,0.188055843,0.320841908,85.19250000000002,85.19250000000002,85.19250000000002,85.19250000000002
348,348,349,0.172407985,0.376330733,85.19250000000002,85.19250000000002,85.19250000000002,85.19250000000002
349,349,350,0.139052659,0.337922543,85.19250000000002,85.19250000000002,85.19250000000002,85.19250000000002
350,350,351,0.109201424,0.341372222,85.19250000000002,85.19250000000002,85.19250000000002,85.19250000000002
351,351,352,0.104154155,0.338855743,85.19250000000002,85.19250000000002,85.19250000000002,85.19250000000002
352,352,353,0.098549202,0.355668247,85.19250000000002,85.19250000000002,85.19250000000002,85.19250000000002
353,353,354,0.098022975,0.341247708,85.19250000000002,85.19250000000002,85.19250000000002,85.19250000000002
354,354,355,0.094162695,0.336877972,85.19250000000002,85.19250000000002,85.19250000000002,85.19250000000002
355,355,356,0.09265276,0.339408606,85.19250000000002,85.19250000000002,85.19250000000002,85.19250000000002
356,356,357,0.091738194,0.332870096,85.19250000000002,85.19250000000002,85.19250000000002,85.19250000000002
357,357,358,0.090642214,0.345362097,85.19250000000002,85.19250000000002,85.19250000000002,85.19250000000002
358,358,359,0.094169527,0.329924583,85.19250000000002,85.19250000000002,85.19250000000002,85.19250000000002
359,359,360,0.093728751,0.352136463,85.19250000000002,85.19250000000002,85.19250000000002,85.19250000000002
360,360,361,0.097873062,0.332094491,85.19250000000002,85.19250000000002,85.19250000000002,85.19250000000002
361,361,362,0.096049346,0.346999317,85.19250000000002,85.19250000000002,85.19250000000002,85.19250000000002
362,362,363,0.099354498,0.332537889,85.19250000000002,85.19250000000002,85.19250000000002,85.19250000000002
363,363,364,0.099409416,0.339758515,85.19250000000002,85.19250000000002,85.19250000000002,85.19250000000002
364,364,365,0.110802814,0.340031266,85.19250000000002,85.19250000000002,85.19250000000002,85.19250000000002
365,365,366,0.111676,0.353039384,85.19250000000002,85.19250000000002,85.19250000000002,85.19250000000002
366,366,367,0.108123362,0.339611471,85.19250000000002,85.19250000000002,85.19250000000002,85.19250000000002
367,367,368,0.110135458,0.36470595,85.19250000000002,85.19250000000002,85.19250000000002,85.19250000000002
368,368,369,0.115457639,0.355538279,85.19250000000002,85.19250000000002,85.19250000000002,85.19250000000002
369,369,370,0.100773528,0.355892539,85.19250000000002,85.19250000000002,85.19250000000002,85.19250000000002
370,370,371,0.09704975,0.34003675,85.19250000000002,85.19250000000002,85.19250000000002,85.19250000000002
371,371,372,0.094514161,0.346623987,85.19250000000002,85.19250000000002,85.19250000000002,85.19250000000002
372,372,373,0.099331304,0.336504638,85.19250000000002,85.19250000000002,85.19250000000002,85.19250000000002
373,373,374,0.09869238,0.349064648,85.19250000000002,85.19250000000002,85.19250000000002,85.19250000000002
374,374,375,0.097706817,0.347714156,85.19250000000002,85.19250000000002,85.19250000000002,85.19250000000002
375,375,376,0.101428851,0.340832353,85.19250000000002,85.19250000000002,85.19250000000002,85.19250000000002
376,376,377,0.095414169,0.353468776,85.19250000000002,85.19250000000002,85.19250000000002,85.19250000000002
377,377,378,0.101534232,0.341922313,85.19250000000002,85.19250000000002,85.19250000000002,85.19250000000002
378,378,379,0.106914692,0.356542617,85.19250000000002,85.19250000000002,85.19250000000002,85.19250000000002
379,379,380,0.09914086,0.341400921,85.19250000000002,85.19250000000002,85.19250000000002,85.19250000000002
380,380,381,0.106393315,0.357112736,85.19250000000002,85.19250000000002,85.19250000000002,85.19250000000002
381,381,382,0.114184342,0.372922033,85.19250000000002,85.19250000000002,85.19250000000002,85.19250000000002
382,382,383,0.10821642,0.375273883,85.19250000000002,85.19250000000002,85.19250000000002,85.19250000000002
383,383,384,0.108179547,0.346069485,85.19250000000002,85.19250000000002,85.19250000000002,85.19250000000002
384,384,385,0.096683569,0.346491098,85.19250000000002,85.19250000000002,85.19250000000002,85.19250000000002
385,385,386,0.100420788,0.328379214,85.19250000000002,85.19250000000002,85.19250000000002,85.19250000000002
386,386,387,0.091563396,0.354975194,85.19250000000002,85.19250000000002,85.19250000000002,85.19250000000002
387,387,388,0.101416275,0.342491597,85.19250000000002,85.19250000000002,85.19250000000002,85.19250000000002
388,388,389,0.095860608,0.356454074,85.19250000000002,85.19250000000002,85.19250000000002,85.19250000000002
389,389,390,0.110624984,0.352061659,85.19250000000002,85.19250000000002,85.19250000000002,85.19250000000002
390,390,391,0.107274748,0.349474609,85.19250000000002,85.19250000000002,85.19250000000002,85.19250000000002
391,391,392,0.100104094,0.341138303,85.19250000000002,85.19250000000002,85.19250000000002,85.19250000000002
392,392,393,0.102542914,0.349276036,85.19250000000002,85.19250000000002,85.19250000000002,85.19250000000002
393,393,394,0.096555158,0.349976569,85.19250000000002,85.19250000000002,85.19250000000002,85.19250000000002
394,394,395,0.095123284,0.36093083,85.19250000000002,85.19250000000002,85.19250000000002,85.19250000000002
395,395,396,0.100291945,0.366972357,85.19250000000002,85.19250000000002,85.19250000000002,85.19250000000002
396,396,397,0.10761597,0.367487997,85.19250000000002,85.19250000000002,85.19250000000002,85.19250000000002
397,397,398,0.111384414,0.377163798,85.19250000000002,85.19250000000002,85.19250000000002,85.19250000000002
398,398,399,0.144433424,0.368353486,85.19250000000002,85.19250000000002,85.19250000000002,85.19250000000002
399,399,400,0.136758044,0.394004852,85.19250000000002,85.19250000000002,85.19250000000002,85.19250000000002
400,400,401,0.140230373,0.366703033,85.19250000000002,85.19250000000002,85.19250000000002,85.19250000000002
401,401,402,0.123476781,0.444929957,85.19250000000002,85.19250000000002,85.19250000000002,85.19250000000002
402,402,403,0.139626488,0.455346018,85.19250000000002,85.19250000000002,85.19250000000002,85.19250000000002
403,403,404,0.141801849,0.452017605,85.19250000000002,85.19250000000002,85.19250000000002,85.19250000000002
404,404,405,0.14561671,0.440729946,85.19250000000002,85.19250000000002,85.19250000000002,85.19250000000002
405,405,406,0.146385282,0.427246064,85.19250000000002,85.19250000000002,85.19250000000002,85.19250000000002
406,406,407,0.189324051,0.4667117,85.19250000000002,85.19250000000002,85.19250000000002,85.19250000000002
407,407,408,0.234080866,0.38844642,85.19250000000002,85.19250000000002,85.19250000000002,85.19250000000002
408,408,409,0.177116528,0.362465054,85.19250000000002,85.19250000000002,85.19250000000002,85.19250000000002
409,409,410,0.181335464,0.375567943,85.19250000000002,85.19250000000002,85.19250000000002,85.19250000000002
410,410,411,0.165067852,0.358218729,85.19250000000002,85.19250000000002,85.19250000000002,85.19250000000002
411,411,412,0.137463778,0.315307915,85.19250000000002,85.19250000000002,85.19250000000002,85.19250000000002
412,412,413,0.116514042,0.356263518,85.19250000000002,85.19250000000002,85.19250000000002,85.19250000000002
413,413,414,0.12080238,0.422312617,85.19250000000002,85.19250000000002,85.19250000000002,85.19250000000002
414,414,415,0.128516167,0.413829088,85.19250000000002,85.19250000000002,85.19250000000002,85.19250000000002
415,415,416,0.134855106,0.439897001,85.19250000000002,85.19250000000002,85.19250000000002,85.19250000000002
416,416,417,0.141737461,0.401152492,85.19250000000002,85.19250000000002,85.19250000000002,85.19250000000002
417,417,418,0.140903518,0.426295787,85.19250000000002,85.19250000000002,85.19250000000002,85.19250000000002
418,418,419,0.157504201,0.422669232,85.19250000000002,85.19250000000002,85.19250000000002,85.19250000000002
419,419,420,0.163097158,0.397866845,85.19250000000002,85.19250000000002,85.19250000000002,85.19250000000002
420,420,421,0.157042652,0.349785298,85.19250000000002,85.19250000000002,85.19250000000002,85.19250000000002
421,421,422,0.167637333,0.387727022,85.19250000000002,85.19250000000002,85.19250000000002,85.19250000000002
422,422,423,0.145150512,0.3468934,85.19250000000002,85.19250000000002,85.19250000000002,85.19250000000002
423,423,424,0.128019556,0.326916963,85.19250000000002,85.19250000000002,85.19250000000002,85.19250000000002
424,424,425,0.123534225,0.348590285,85.19250000000002,85.19250000000002,85.19250000000002,85.19250000000002
425,425,426,0.113674335,0.362378001,85.19250000000002,85.19250000000002,85.19250000000002,85.19250000000002
426,426,427,0.107544035,0.368777126,85.19250000000002,85.19250000000002,85.19250000000002,85.19250000000002
427,427,428,0.103580609,0.374261945,85.19250000000002,85.19250000000002,85.19250000000002,85.19250000000002
428,428,429,0.09982127,0.382689595,85.19250000000002,85.19250000000002,85.19250000000002,85.19250000000002
429,429,430,0.098878577,0.387871712,85.19250000000002,85.19250000000002,85.19250000000002,85.19250000000002
430,430,431,0.099793233,0.397210211,85.19250000000002,85.19250000000002,85.19250000000002,85.19250000000002
431,431,432,0.101835974,0.411000371,85.19250000000002,85.19250000000002,85.19250000000002,85.19250000000002
432,432,433,0.104930528,0.418991953,85.19250000000002,85.19250000000002,85.19250000000002,85.19250000000002
433,433,434,0.109552898,0.427382022,85.19250000000002,85.19250000000002,85.19250000000002,85.19250000000002
434,434,435,0.115800269,0.438822478,85.19250000000002,85.19250000000002,85.19250000000002,85.19250000000002
435,435,436,0.123703569,0.448516756,85.19250000000002,85.19250000000002,85.19250000000002,85.19250000000002
436,436,437,0.139435723,0.450054199,85.19250000000002,85.19250000000002,85.19250000000002,85.19250000000002
437,437,438,0.168096662,0.425166726,85.19250000000002,85.19250000000002,85.19250000000002,85.19250000000002
438,438,439,0.180828214,0.364786327,85.19250000000002,85.19250000000002,85.19250000000002,85.19250000000002
439,439,440,0.164542422,0.360475242,85.19250000000002,85.19250000000002,85.19250000000002,85.19250000000002
440,440,441,0.142018452,0.341194063,85.19250000000002,85.19250000000002,85.19250000000002,85.19250000000002
441,441,442,0.149900109,0.374230623,85.19250000000002,85.19250000000002,85.19250000000002,85.19250000000002
442,442,443,0.137761205,0.362049937,85.19250000000002,85.19250000000002,85.19250000000002,85.19250000000002
443,443,444,0.115989044,0.331598729,85.19250000000002,85.19250000000002,85.19250000000002,85.19250000000002
444,444,445,0.101328917,0.341958702,85.19250000000002,85.19250000000002,85.19250000000002,85.19250000000002
445,445,446,0.096165694,0.351790696,85.19250000000002,85.19250000000002,85.19250000000002,85.19250000000002
446,446,447,0.093784325,0.355292469,85.19250000000002,85.19250000000002,85.19250000000002,85.19250000000002
447,447,448,0.094616324,0.360886842,85.19250000000002,85.19250000000002,85.19250000000002,85.19250000000002
448,448,449,0.093548328,0.360696256,85.19250000000002,85.19250000000002,85.19250000000002,85.19250000000002
449,449,450,0.09225519,0.365130544,85.19250000000002,85.19250000000002,85.19250000000002,85.19250000000002
450,450,451,0.093518019,0.379784226,85.19250000000002,85.19250000000002,85.19250000000002,85.19250000000002
451,451,452,0.097047746,0.392216086,85.19250000000002,85.19250000000002,85.19250000000002,85.19250000000002
452,452,453,0.098150641,0.393198282,85.19250000000002,85.19250000000002,85.19250000000002,85.19250000000002
453,453,454,0.096882828,0.385778159,85.19250000000002,85.19250000000002,85.19250000000002,85.19250000000002
454,454,455,0.096775979,0.379978567,85.19250000000002,85.19250000000002,85.19250000000002,85.19250000000002
455,455,456,0.107218668,0.380454153,85.19250000000002,85.19250000000002,85.19250000000002,85.19250000000002
456,456,457,0.11530596,0.382517219,85.19250000000002,85.19250000000002,85.19250000000002,85.19250000000002
457,457,458,0.151127666,0.353129625,85.19250000000002,85.19250000000002,85.19250000000002,85.19250000000002
458,458,459,0.141180009,0.353826374,85.19250000000002,85.19250000000002,85.19250000000002,85.19250000000002
459,459,460,0.130125239,0.353603631,85.19250000000002,85.19250000000002,85.19250000000002,85.19250000000002
460,460,461,0.134662509,0.348696142,85.19250000000002,85.19250000000002,85.19250000000002,85.19250000000002
461,461,462,0.128310531,0.320878446,85.19250000000002,85.19250000000002,85.19250000000002,85.19250000000002
462,462,463,0.114784129,0.33963719,85.19250000000002,85.19250000000002,85.19250000000002,85.19250000000002
463,463,464,0.105580851,0.346987635,85.19250000000002,85.19250000000002,85.19250000000002,85.19250000000002
464,464,465,0.100312203,0.353783637,85.19250000000002,85.19250000000002,85.19250000000002,85.19250000000002
465,465,466,0.096077025,0.344702601,85.19250000000002,85.19250000000002,85.19250000000002,85.19250000000002
466,466,467,0.092065983,0.343557119,85.19250000000002,85.19250000000002,85.19250000000002,85.19250000000002
467,467,468,0.089394458,0.344959646,85.19250000000002,85.19250000000002,85.19250000000002,85.19250000000002
468,468,469,0.088367246,0.351942599,85.19250000000002,85.19250000000002,85.19250000000002,85.19250000000002
469,469,470,0.089430466,0.360458374,85.19250000000002,85.19250000000002,85.19250000000002,85.19250000000002
470,470,471,0.090428688,0.366347611,85.19250000000002,85.19250000000002,85.19250000000002,85.19250000000002
471,471,472,0.090375021,0.361353755,85.19250000000002,85.19250000000002,85.19250000000002,85.19250000000002
472,472,473,0.088842735,0.360667497,85.19250000000002,85.19250000000002,85.19250000000002,85.19250000000002
473,473,474,0.092457674,0.354382247,85.19250000000002,85.19250000000002,85.19250000000002,85.19250000000002
474,474,475,0.111209154,0.373678565,85.19250000000002,85.19250000000002,85.19250000000002,85.19250000000002
475,475,476,0.128363833,0.376381516,85.19250000000002,85.19250000000002,85.19250000000002,85.19250000000002
476,476,477,0.121266738,0.360641927,85.19250000000002,85.19250000000002,85.19250000000002,85.19250000000002
477,477,478,0.106071055,0.380286574,85.19250000000002,85.19250000000002,85.19250000000002,85.19250000000002
478,478,479,0.099875718,0.370680779,85.19250000000002,85.19250000000002,85.19250000000002,85.19250000000002
479,479,480,0.093188688,0.363641173,85.19250000000002,85.19250000000002,85.19250000000002,85.19250000000002
480,480,481,0.093372419,0.360670358,85.19250000000002,85.19250000000002,85.19250000000002,85.19250000000002
481,481,482,0.105603322,0.355844229,85.19250000000002,85.19250000000002,85.19250000000002,85.19250000000002
482,482,483,0.128103435,0.375464737,85.19250000000002,85.19250000000002,85.19250000000002,85.19250000000002
483,483,484,0.144700795,0.340169936,85.19250000000002,85.19250000000002,85.19250000000002,85.19250000000002
484,484,485,0.122322753,0.331859976,85.19250000000002,85.19250000000002,85.19250000000002,85.19250000000002
485,485,486,0.1022451,0.369661778,85.19250000000002,85.19250000000002,85.19250000000002,85.19250000000002
486,486,487,0.097378246,0.37785846,85.19250000000002,85.19250000000002,85.19250000000002,85.19250000000002
487,487,488,0.09537933,0.381218791,85.19250000000002,85.19250000000002,85.19250000000002,85.19250000000002
488,488,489,0.095354825,0.368415236,85.19250000000002,85.19250000000002,85.19250000000002,85.19250000000002
489,489,490,0.089654066,0.36121577,85.19250000000002,85.19250000000002,85.19250000000002,85.19250000000002
490,490,491,0.087451316,0.356229007,85.19250000000002,85.19250000000002,85.19250000000002,85.19250000000002
491,491,492,0.095178492,0.348658293,85.19250000000002,85.19250000000002,85.19250000000002,85.19250000000002
492,492,493,0.112157553,0.359626114,85.19250000000002,85.19250000000002,85.19250000000002,85.19250000000002
493,493,494,0.134273857,0.364880562,85.19250000000002,85.19250000000002,85.19250000000002,85.19250000000002
494,494,495,0.137342066,0.331203848,85.19250000000002,85.19250000000002,85.19250000000002,85.19250000000002
495,495,496,0.124318384,0.316720545,85.19250000000002,85.19250000000002,85.19250000000002,85.19250000000002
496,496,497,0.100232899,0.346548378,85.19250000000002,85.19250000000002,85.19250000000002,85.19250000000002
497,497,498,0.096918851,0.351210445,85.19250000000002,85.19250000000002,85.19250000000002,85.19250000000002
498,498,499,0.09060917,0.357255161,85.19250000000002,85.19250000000002,85.19250000000002,85.19250000000002
499,499,500,0.08929345,0.351830482,85.19250000000002,85.19250000000002,85.19250000000002,85.19250000000002
