,Unnamed: 0,train_loss,test_loss,train_predict,train_label,validation_predict,validation_label
0,0,17.15192413330078,17.2020206451416,1051.9952306395303,1098.442429816266,1051.9952306395303,1098.442429816266
1,1,16.054243087768555,16.076047897338867,1196.6324823882164,1237.5480374738297,1196.6324823882164,1237.5480374738297
2,2,14.884151458740234,14.725048065185549,1074.277157254793,1358.963258291481,1074.277157254793,1358.963258291481
3,3,13.329692840576172,12.756991386413574,1027.5484239679379,1462.1710734472929,1027.5484239679379,1462.1710734472929
4,4,11.23402976989746,10.631765365600586,1081.6784281873167,835.4946757479061,1081.6784281873167,835.4946757479061
5,5,9.23013973236084,8.709587097167969,1066.0561963973487,997.3978197098008,1066.0561963973487,997.3978197098008
6,6,7.272863864898682,6.748476505279541,1187.499440347691,892.4143110406687,1187.499440347691,892.4143110406687
7,7,5.3288655281066895,4.829471588134766,1098.3440563903105,1177.1211502590445,1098.3440563903105,1177.1211502590445
8,8,3.4834237098693848,2.983983993530273,1083.6283490142278,1072.5807739927227,1083.6283490142278,1072.5807739927227
9,9,2.2347447872161865,2.005154609680176,930.1300976289011,883.0710955049601,930.1300976289011,883.0710955049601
10,10,1.6542210578918457,1.5832149982452393,1073.0934058916002,895.6619900552307,1073.0934058916002,895.6619900552307
11,11,1.374609351158142,1.3430219888687134,1088.830016729801,1029.8045786111068,1088.830016729801,1029.8045786111068
12,12,1.155750393867493,1.162586688995361,1278.0053850937898,1373.2363118381768,1278.0053850937898,1373.2363118381768
13,13,0.9718461632728576,1.0178472995758057,1061.8986163675238,874.5049768594745,1061.8986163675238,874.5049768594745
14,14,0.8267468810081482,0.9029340147972108,1162.4169818199523,1067.7517288622214,1162.4169818199523,1067.7517288622214
15,15,0.7144460082054138,0.8132858872413635,970.4773733614411,922.6210147390127,970.4773733614411,922.6210147390127
16,16,0.6340073347091675,0.7462559342384338,1214.6681599532324,1196.3553617885589,1214.6681599532324,1196.3553617885589
17,17,0.5777773261070251,0.6935237646102905,1056.2234800115684,1281.9233061880573,1056.2234800115684,1281.9233061880573
18,18,0.5398954153060913,0.6569839715957642,1367.0411522826912,1065.9869096005814,1367.0411522826912,1065.9869096005814
19,19,0.516328752040863,0.63243567943573,1134.1128733544108,1211.4848756515526,1134.1128733544108,1211.4848756515526
20,20,0.502091646194458,0.6172022223472595,955.896437578917,1021.6719943125477,955.896437578917,1021.6719943125477
21,21,0.4934227764606476,0.60809725522995,1350.1008761093947,884.8278056058122,1350.1008761093947,884.8278056058122
22,22,0.487110823392868,0.6023633480072021,1082.8478223478025,1302.6966630225875,1082.8478223478025,1302.6966630225875
23,23,0.4819465279579162,0.5981695652008057,1156.7210541074842,1074.6543794622132,1156.7210541074842,1074.6543794622132
24,24,0.4772653579711914,0.593890905380249,1132.610285741473,1383.2887200127868,1132.610285741473,1383.2887200127868
25,25,0.4731571078300476,0.5892191529273987,938.3398651857165,1117.8071855407645,938.3398651857165,1117.8071855407645
26,26,0.4695940315723419,0.5851888656616211,1076.0847024881928,1362.0753149152868,1076.0847024881928,1362.0753149152868
27,27,0.4664727449417114,0.581708550453186,1183.8499191818073,1434.622526067914,1183.8499191818073,1434.622526067914
28,28,0.4636087119579315,0.5781040191650391,1120.8442124867197,1403.2291729784238,1120.8442124867197,1403.2291729784238
29,29,0.4609395265579223,0.5747641324996948,978.0600236214967,1057.749198673312,978.0600236214967,1057.749198673312
30,30,0.4583750069141388,0.571608304977417,1180.9691198712342,1418.150959388177,1180.9691198712342,1418.150959388177
31,31,0.4557977020740509,0.5685986280441284,1100.3634501258757,1407.937537843949,1100.3634501258757,1407.937537843949
32,32,0.4532823860645294,0.5658574104309082,1040.530951103161,1046.654617106648,1040.530951103161,1046.654617106648
33,33,0.4506472051143646,0.5632563233375549,929.2209410611863,883.0248068199363,929.2209410611863,883.0248068199363
34,34,0.4480762481689453,0.5610379576683044,1113.8662663347532,1306.5470786767198,1113.8662663347532,1306.5470786767198
35,35,0.4456430077552795,0.5593023896217346,1074.141694388511,1425.3615985736465,1074.141694388511,1425.3615985736465
36,36,0.4433731436729431,0.5577000975608826,952.7939790109951,879.6776111206847,952.7939790109951,879.6776111206847
37,37,0.4411547780036926,0.5559655427932739,1123.2133370452627,1065.03308618,1123.2133370452627,1065.03308618
38,38,0.438895583152771,0.5541941523551941,1047.3077900675796,1143.3914548905254,1047.3077900675796,1143.3914548905254
39,39,0.4366764426231384,0.5526401400566101,1065.641618875478,509.83577692666404,1065.641618875478,509.83577692666404
40,40,0.4345639944076538,0.551199734210968,934.8627102145541,1088.9079178481927,934.8627102145541,1088.9079178481927
41,41,0.4326844811439514,0.5495400428771973,1390.9755663421179,1420.9683477201274,1390.9755663421179,1420.9683477201274
42,42,0.4306563138961792,0.5484020709991455,1243.8791118816082,1214.3562896055414,1243.8791118816082,1214.3562896055414
43,43,0.4280973076820373,0.5470588803291321,991.6367262494904,1088.868914114172,991.6367262494904,1088.868914114172
44,44,0.4250788390636444,0.5454676747322083,1147.2763012437422,1191.6380369650478,1147.2763012437422,1191.6380369650478
45,45,0.421630710363388,0.5438498258590698,1131.264670211465,1081.2243151831767,1131.264670211465,1081.2243151831767
46,46,0.4182129204273224,0.5416179895401001,880.3362345011624,881.8726147152865,880.3362345011624,881.8726147152865
47,47,0.4149741232395172,0.5392727851867676,1075.8891520698407,1153.478559638344,1075.8891520698407,1153.478559638344
48,48,0.4118550419807434,0.5375900268554688,1110.2143523017517,1490.6735771843153,1110.2143523017517,1490.6735771843153
49,49,0.4089507758617401,0.5359123945236206,1092.0680711010668,1006.4893056247133,1092.0680711010668,1006.4893056247133
50,50,0.4057681262493133,0.5337737798690796,1026.4880647857883,1195.2741314876591,1026.4880647857883,1195.2741314876591
51,51,0.4021877646446228,0.5316331386566162,972.4776773348885,891.9459205960588,972.4776773348885,891.9459205960588
52,52,0.3985596597194671,0.5289115905761719,922.0766906445301,979.5944629545143,922.0766906445301,979.5944629545143
53,53,0.3948487937450409,0.5270691514015198,829.3066416189489,833.8630860099044,829.3066416189489,833.8630860099044
54,54,0.3916108608245849,0.5252007246017456,1141.1156255621656,975.5774239867436,1141.1156255621656,975.5774239867436
55,55,0.3885661661624908,0.5241689085960388,1211.7475592862659,1365.6284567111463,1211.7475592862659,1365.6284567111463
56,56,0.3860240280628204,0.5231913328170776,1073.8450320407246,1121.9047843681687,1073.8450320407246,1121.9047843681687
57,57,0.3838147819042206,0.5221943855285645,913.9013271993869,935.3191629109872,913.9013271993869,935.3191629109872
58,58,0.3819050192832947,0.52131187915802,938.2851748783678,807.4160019522772,938.2851748783678,807.4160019522772
59,59,0.3803453743457794,0.5207014679908752,924.4047908257086,1186.3005607468313,924.4047908257086,1186.3005607468313
60,60,0.3789559304714203,0.5200095176696777,1105.960020678129,915.9231138020699,1105.960020678129,915.9231138020699
61,61,0.3776988983154297,0.519611656665802,1296.32517574793,1425.6309290614652,1296.32517574793,1425.6309290614652
62,62,0.3766011893749237,0.5192625522613525,964.2899507429697,889.650230470621,964.2899507429697,889.650230470621
63,63,0.375539094209671,0.5191549062728882,1013.8041142920462,934.0013844017834,1013.8041142920462,934.0013844017834
64,64,0.3747083246707916,0.5193226337432861,1250.548431350199,1175.040206663726,1250.548431350199,1175.040206663726
65,65,0.3738201558589935,0.5193665623664856,1234.0438962790606,1227.1250539449045,1234.0438962790606,1227.1250539449045
66,66,0.3729951083660126,0.5188021659851074,1357.3032731970145,1124.8878122794986,1357.3032731970145,1124.8878122794986
67,67,0.3721193969249725,0.5186716318130493,916.5000606515923,836.9133800746577,916.5000606515923,836.9133800746577
68,68,0.3714188635349273,0.5181915163993835,1192.0740705287421,1076.6112661911784,1192.0740705287421,1076.6112661911784
69,69,0.3705865442752838,0.5180630087852478,953.7841740117675,1147.161496796911,953.7841740117675,1147.161496796911
70,70,0.3698309063911438,0.5174503326416016,877.5586209381927,989.9718756585509,877.5586209381927,989.9718756585509
71,71,0.3690787255764007,0.5173196196556091,936.5693030429935,1109.2501863777388,936.5693030429935,1109.2501863777388
72,72,0.3683488368988037,0.5163355469703674,1243.5858527226114,1289.9879862352946,1243.5858527226114,1289.9879862352946
73,73,0.3675684630870819,0.5160024166107178,965.3380265405812,1215.5373556400796,965.3380265405812,1215.5373556400796
74,74,0.3668869733810425,0.5153916478157043,1222.6156692739332,1016.7234919380414,1222.6156692739332,1016.7234919380414
75,75,0.3661786615848541,0.5145838260650635,1178.9826945270702,1071.455887160629,1178.9826945270702,1071.455887160629
76,76,0.3655025959014892,0.5144717693328857,1178.8528150173966,1197.155855601712,1178.8528150173966,1197.155855601712
77,77,0.36479252576828,0.513262152671814,1052.0897488906846,876.8468227328742,1052.0897488906846,876.8468227328742
78,78,0.3640479147434234,0.512845516204834,1120.6143643063456,1146.1103900342835,1120.6143643063456,1146.1103900342835
79,79,0.3634591698646545,0.5124043822288513,1055.2071229969745,1208.8794421714172,1055.2071229969745,1208.8794421714172
80,80,0.3626954555511474,0.511389970779419,1139.6759969418392,1453.1152412524364,1139.6759969418392,1453.1152412524364
81,81,0.3620965182781219,0.5108755230903625,1052.5897517686624,888.2777084792436,1052.5897517686624,888.2777084792436
82,82,0.3613736629486084,0.510050356388092,1172.7451280487742,1279.5455938953023,1172.7451280487742,1279.5455938953023
83,83,0.3606578111648559,0.509115993976593,1196.703470779379,952.43340052375,1196.703470779379,952.43340052375
84,84,0.3599366843700409,0.5081152319908142,1145.4717338005335,967.2161081791321,1145.4717338005335,967.2161081791321
85,85,0.3593131899833679,0.5068787932395935,1157.324854243551,1434.3734020135353,1157.324854243551,1434.3734020135353
86,86,0.3586312234401703,0.5067402124404907,906.4334813861625,803.2487175169186,906.4334813861625,803.2487175169186
87,87,0.3580160140991211,0.5057896971702576,1227.2853760417993,886.1833914154777,1227.2853760417993,886.1833914154777
88,88,0.3573417365550995,0.5043034553527832,1152.2304401496817,894.1289066802467,1152.2304401496817,894.1289066802467
89,89,0.3565770983695984,0.5028924942016602,1077.1919884532642,1004.3303811487658,1077.1919884532642,1004.3303811487658
90,90,0.3559128940105438,0.5016187429428101,1233.989657957723,1048.2607626909635,1233.989657957723,1048.2607626909635
91,91,0.355025976896286,0.5002212524414062,950.5936313464967,903.1155052531609,950.5936313464967,903.1155052531609
92,92,0.3545014560222626,0.4995516240596771,1077.9838945322053,1518.8085365320383,1077.9838945322053,1518.8085365320383
93,93,0.3537260890007019,0.499451071023941,1248.0099981493631,1395.8314913465765,1248.0099981493631,1395.8314913465765
94,94,0.3530976176261902,0.4987106323242187,1104.9843424045382,917.1785980039728,1104.9843424045382,917.1785980039728
95,95,0.3525079488754272,0.4976333975791931,1138.0801672735429,1411.5052229544028,1138.0801672735429,1411.5052229544028
96,96,0.3518276214599609,0.4969174265861511,1245.892842498328,971.8595199961145,1245.892842498328,971.8595199961145
97,97,0.351185142993927,0.497181087732315,847.674422552508,1232.5472908339173,847.674422552508,1232.5472908339173
98,98,0.3505931496620178,0.4971697926521301,1420.6649321695859,1343.8871319526272,1420.6649321695859,1343.8871319526272
99,99,0.3501071631908417,0.4969668090343475,1121.4999112518312,1255.5680018781052,1121.4999112518312,1255.5680018781052
100,100,0.349498450756073,0.4978641867637634,85.19250000000002,85.19250000000002,85.19250000000002,85.19250000000002
101,101,0.3489021956920624,0.4982943832874298,85.19250000000002,85.19250000000002,85.19250000000002,85.19250000000002
102,102,0.348269373178482,0.4987186789512634,85.19250000000002,85.19250000000002,85.19250000000002,85.19250000000002
103,103,0.3477671444416046,0.4982180297374725,85.19250000000002,85.19250000000002,85.19250000000002,85.19250000000002
104,104,0.3471564352512359,0.4984491765499115,85.19250000000002,85.19250000000002,85.19250000000002,85.19250000000002
105,105,0.3466048836708069,0.4984279572963714,85.19250000000002,85.19250000000002,85.19250000000002,85.19250000000002
106,106,0.3460755944252014,0.498291403055191,85.19250000000002,85.19250000000002,85.19250000000002,85.19250000000002
107,107,0.345571368932724,0.4986339807510376,85.19250000000002,85.19250000000002,85.19250000000002,85.19250000000002
108,108,0.3450580537319183,0.4990885853767395,85.19250000000002,85.19250000000002,85.19250000000002,85.19250000000002
109,109,0.3445423245429992,0.4993276298046112,85.19250000000002,85.19250000000002,85.19250000000002,85.19250000000002
110,110,0.3440080285072326,0.4997572302818298,85.19250000000002,85.19250000000002,85.19250000000002,85.19250000000002
111,111,0.3434790670871734,0.5002114772796631,85.19250000000002,85.19250000000002,85.19250000000002,85.19250000000002
112,112,0.3429679870605469,0.5005752444267273,85.19250000000002,85.19250000000002,85.19250000000002,85.19250000000002
113,113,0.3424550294876098,0.5009298324584961,85.19250000000002,85.19250000000002,85.19250000000002,85.19250000000002
114,114,0.3419610857963562,0.5012795925140381,85.19250000000002,85.19250000000002,85.19250000000002,85.19250000000002
115,115,0.3414873480796814,0.5015401244163513,85.19250000000002,85.19250000000002,85.19250000000002,85.19250000000002
116,116,0.3410026431083679,0.501740574836731,85.19250000000002,85.19250000000002,85.19250000000002,85.19250000000002
117,117,0.3404896259307861,0.5023213028907776,85.19250000000002,85.19250000000002,85.19250000000002,85.19250000000002
118,118,0.3400201499462127,0.5027700662612915,85.19250000000002,85.19250000000002,85.19250000000002,85.19250000000002
119,119,0.33952796459198,0.5031272768974304,85.19250000000002,85.19250000000002,85.19250000000002,85.19250000000002
120,120,0.339008092880249,0.5036421418190002,85.19250000000002,85.19250000000002,85.19250000000002,85.19250000000002
121,121,0.338533490896225,0.503796398639679,85.19250000000002,85.19250000000002,85.19250000000002,85.19250000000002
122,122,0.33792644739151,0.5040943622589111,85.19250000000002,85.19250000000002,85.19250000000002,85.19250000000002
123,123,0.3374428153038025,0.5043063163757324,85.19250000000002,85.19250000000002,85.19250000000002,85.19250000000002
124,124,0.3369182646274566,0.5044748187065125,85.19250000000002,85.19250000000002,85.19250000000002,85.19250000000002
125,125,0.336343765258789,0.5046905279159546,85.19250000000002,85.19250000000002,85.19250000000002,85.19250000000002
126,126,0.3357898592948913,0.5050112009048462,85.19250000000002,85.19250000000002,85.19250000000002,85.19250000000002
127,127,0.335264503955841,0.5053688287734985,85.19250000000002,85.19250000000002,85.19250000000002,85.19250000000002
128,128,0.3346803188323974,0.5061749219894409,85.19250000000002,85.19250000000002,85.19250000000002,85.19250000000002
129,129,0.3340812027454376,0.5058286190032959,85.19250000000002,85.19250000000002,85.19250000000002,85.19250000000002
130,130,0.333577036857605,0.5070182681083679,85.19250000000002,85.19250000000002,85.19250000000002,85.19250000000002
131,131,0.3330292999744415,0.5078025460243225,85.19250000000002,85.19250000000002,85.19250000000002,85.19250000000002
132,132,0.3326182663440704,0.5079655051231384,85.19250000000002,85.19250000000002,85.19250000000002,85.19250000000002
133,133,0.3318507671356201,0.5088565945625305,85.19250000000002,85.19250000000002,85.19250000000002,85.19250000000002
134,134,0.3316539824008941,0.5088700652122498,85.19250000000002,85.19250000000002,85.19250000000002,85.19250000000002
135,135,0.3307039737701416,0.5096462965011597,85.19250000000002,85.19250000000002,85.19250000000002,85.19250000000002
136,136,0.3307033777236938,0.5095273852348328,85.19250000000002,85.19250000000002,85.19250000000002,85.19250000000002
137,137,0.3294591903686523,0.5096290707588196,85.19250000000002,85.19250000000002,85.19250000000002,85.19250000000002
138,138,0.3295455276966095,0.5099222660064697,85.19250000000002,85.19250000000002,85.19250000000002,85.19250000000002
139,139,0.3284632861614227,0.5101598501205444,85.19250000000002,85.19250000000002,85.19250000000002,85.19250000000002
140,140,0.3281621038913727,0.5104867815971375,85.19250000000002,85.19250000000002,85.19250000000002,85.19250000000002
141,141,0.3273738026618957,0.5109589099884033,85.19250000000002,85.19250000000002,85.19250000000002,85.19250000000002
142,142,0.326628029346466,0.5110822916030884,85.19250000000002,85.19250000000002,85.19250000000002,85.19250000000002
143,143,0.326502114534378,0.5116509795188904,85.19250000000002,85.19250000000002,85.19250000000002,85.19250000000002
144,144,0.3254603147506714,0.5114519596099854,85.19250000000002,85.19250000000002,85.19250000000002,85.19250000000002
145,145,0.3253390491008758,0.5105756521224976,85.19250000000002,85.19250000000002,85.19250000000002,85.19250000000002
146,146,0.3245273232460022,0.5104662179946899,85.19250000000002,85.19250000000002,85.19250000000002,85.19250000000002
147,147,0.323995292186737,0.5101940631866455,85.19250000000002,85.19250000000002,85.19250000000002,85.19250000000002
148,148,0.3237188756465912,0.509715735912323,85.19250000000002,85.19250000000002,85.19250000000002,85.19250000000002
149,149,0.3224580883979797,0.5093809366226196,85.19250000000002,85.19250000000002,85.19250000000002,85.19250000000002
150,150,0.3228274881839752,0.5094053745269775,85.19250000000002,85.19250000000002,85.19250000000002,85.19250000000002
151,151,0.3215686082839966,0.508770227432251,85.19250000000002,85.19250000000002,85.19250000000002,85.19250000000002
152,152,0.3213288486003876,0.5087074041366577,85.19250000000002,85.19250000000002,85.19250000000002,85.19250000000002
153,153,0.3208476603031158,0.5083585381507874,85.19250000000002,85.19250000000002,85.19250000000002,85.19250000000002
154,154,0.3200373947620392,0.5074697732925415,85.19250000000002,85.19250000000002,85.19250000000002,85.19250000000002
155,155,0.319635808467865,0.5080344676971436,85.19250000000002,85.19250000000002,85.19250000000002,85.19250000000002
156,156,0.3195483088493347,0.5069873929023743,85.19250000000002,85.19250000000002,85.19250000000002,85.19250000000002
157,157,0.3183925151824951,0.5076505541801453,85.19250000000002,85.19250000000002,85.19250000000002,85.19250000000002
158,158,0.3196810483932495,0.5059173703193665,85.19250000000002,85.19250000000002,85.19250000000002,85.19250000000002
159,159,0.3171170651912689,0.5059654116630554,85.19250000000002,85.19250000000002,85.19250000000002,85.19250000000002
160,160,0.3195788860321045,0.5037288665771484,85.19250000000002,85.19250000000002,85.19250000000002,85.19250000000002
161,161,0.3161337077617645,0.5049266815185547,85.19250000000002,85.19250000000002,85.19250000000002,85.19250000000002
162,162,0.319278210401535,0.5031495094299316,85.19250000000002,85.19250000000002,85.19250000000002,85.19250000000002
163,163,0.3152986764907837,0.5034541487693787,85.19250000000002,85.19250000000002,85.19250000000002,85.19250000000002
164,164,0.3180063366889953,0.501802921295166,85.19250000000002,85.19250000000002,85.19250000000002,85.19250000000002
165,165,0.3143585324287414,0.5022609233856201,85.19250000000002,85.19250000000002,85.19250000000002,85.19250000000002
166,166,0.3162737190723419,0.5007741451263428,85.19250000000002,85.19250000000002,85.19250000000002,85.19250000000002
167,167,0.3135296106338501,0.500736653804779,85.19250000000002,85.19250000000002,85.19250000000002,85.19250000000002
168,168,0.3151918053627014,0.4989959597587585,85.19250000000002,85.19250000000002,85.19250000000002,85.19250000000002
169,169,0.3130078017711639,0.4999368190765381,85.19250000000002,85.19250000000002,85.19250000000002,85.19250000000002
170,170,0.3156819641590118,0.4985847473144531,85.19250000000002,85.19250000000002,85.19250000000002,85.19250000000002
171,171,0.3122478723526001,0.498478502035141,85.19250000000002,85.19250000000002,85.19250000000002,85.19250000000002
172,172,0.3146930038928985,0.4975261390209198,85.19250000000002,85.19250000000002,85.19250000000002,85.19250000000002
173,173,0.3117028176784515,0.4983668923377991,85.19250000000002,85.19250000000002,85.19250000000002,85.19250000000002
174,174,0.3146261870861053,0.4964564442634582,85.19250000000002,85.19250000000002,85.19250000000002,85.19250000000002
175,175,0.3106834292411804,0.4942708611488342,85.19250000000002,85.19250000000002,85.19250000000002,85.19250000000002
176,176,0.3116762638092041,0.4956110119819641,85.19250000000002,85.19250000000002,85.19250000000002,85.19250000000002
177,177,0.3093681335449219,0.4943336248397827,85.19250000000002,85.19250000000002,85.19250000000002,85.19250000000002
178,178,0.3097505271434784,0.4942173361778259,85.19250000000002,85.19250000000002,85.19250000000002,85.19250000000002
179,179,0.3083009719848633,0.4949129223823547,85.19250000000002,85.19250000000002,85.19250000000002,85.19250000000002
180,180,0.3092140555381775,0.4920959770679474,85.19250000000002,85.19250000000002,85.19250000000002,85.19250000000002
181,181,0.307608038187027,0.4945657253265381,85.19250000000002,85.19250000000002,85.19250000000002,85.19250000000002
182,182,0.309227705001831,0.4904728233814239,85.19250000000002,85.19250000000002,85.19250000000002,85.19250000000002
183,183,0.3076322972774505,0.4942787885665893,85.19250000000002,85.19250000000002,85.19250000000002,85.19250000000002
184,184,0.3120706081390381,0.4885998666286468,85.19250000000002,85.19250000000002,85.19250000000002,85.19250000000002
185,185,0.3075964450836181,0.4929728806018829,85.19250000000002,85.19250000000002,85.19250000000002,85.19250000000002
186,186,0.3128233253955841,0.4834364950656891,85.19250000000002,85.19250000000002,85.19250000000002,85.19250000000002
187,187,0.3083952665328979,0.4896527230739593,85.19250000000002,85.19250000000002,85.19250000000002,85.19250000000002
188,188,0.3098682761192322,0.4905109107494354,85.19250000000002,85.19250000000002,85.19250000000002,85.19250000000002
189,189,0.3057655990123749,0.4859782755374908,85.19250000000002,85.19250000000002,85.19250000000002,85.19250000000002
190,190,0.3074074983596802,0.4853852987289428,85.19250000000002,85.19250000000002,85.19250000000002,85.19250000000002
191,191,0.3053020536899566,0.4875896573066711,85.19250000000002,85.19250000000002,85.19250000000002,85.19250000000002
192,192,0.3065946698188782,0.4835852682590484,85.19250000000002,85.19250000000002,85.19250000000002,85.19250000000002
193,193,0.3047574162483215,0.4875025153160095,85.19250000000002,85.19250000000002,85.19250000000002,85.19250000000002
194,194,0.3069018125534057,0.4843059778213501,85.19250000000002,85.19250000000002,85.19250000000002,85.19250000000002
195,195,0.3045672476291656,0.4896336495876312,85.19250000000002,85.19250000000002,85.19250000000002,85.19250000000002
196,196,0.3102840185165405,0.4878048598766327,85.19250000000002,85.19250000000002,85.19250000000002,85.19250000000002
197,197,0.3040883541107178,0.4894390106201172,85.19250000000002,85.19250000000002,85.19250000000002,85.19250000000002
198,198,0.3105849027633667,0.4830429553985595,85.19250000000002,85.19250000000002,85.19250000000002,85.19250000000002
199,199,0.3043832182884216,0.4862132966518402,85.19250000000002,85.19250000000002,85.19250000000002,85.19250000000002
200,200,0.3055709600448608,0.4827793836593628,85.19250000000002,85.19250000000002,85.19250000000002,85.19250000000002
201,201,0.30284383893013,0.4851018786430359,85.19250000000002,85.19250000000002,85.19250000000002,85.19250000000002
202,202,0.3035468161106109,0.4825684428215027,85.19250000000002,85.19250000000002,85.19250000000002,85.19250000000002
203,203,0.3016388416290283,0.4864919185638428,85.19250000000002,85.19250000000002,85.19250000000002,85.19250000000002
204,204,0.3035602867603302,0.4812756478786468,85.19250000000002,85.19250000000002,85.19250000000002,85.19250000000002
205,205,0.3021052181720733,0.488392561674118,85.19250000000002,85.19250000000002,85.19250000000002,85.19250000000002
206,206,0.307529091835022,0.485129714012146,85.19250000000002,85.19250000000002,85.19250000000002,85.19250000000002
207,207,0.3017536997795105,0.486006498336792,85.19250000000002,85.19250000000002,85.19250000000002,85.19250000000002
208,208,0.3055160045623779,0.4808486998081207,85.19250000000002,85.19250000000002,85.19250000000002,85.19250000000002
209,209,0.3008323311805725,0.4863339364528656,85.19250000000002,85.19250000000002,85.19250000000002,85.19250000000002
210,210,0.3045262098312378,0.4819197356700897,85.19250000000002,85.19250000000002,85.19250000000002,85.19250000000002
211,211,0.3006468713283539,0.484528511762619,85.19250000000002,85.19250000000002,85.19250000000002,85.19250000000002
212,212,0.3027739226818084,0.4799420535564422,85.19250000000002,85.19250000000002,85.19250000000002,85.19250000000002
213,213,0.2993941605091095,0.4842836260795593,85.19250000000002,85.19250000000002,85.19250000000002,85.19250000000002
214,214,0.3012827038764953,0.4803726077079773,85.19250000000002,85.19250000000002,85.19250000000002,85.19250000000002
215,215,0.2984076738357544,0.4840966165065765,85.19250000000002,85.19250000000002,85.19250000000002,85.19250000000002
216,216,0.3001043498516083,0.4795845746994018,85.19250000000002,85.19250000000002,85.19250000000002,85.19250000000002
217,217,0.2984546720981598,0.4864126443862915,85.19250000000002,85.19250000000002,85.19250000000002,85.19250000000002
218,218,0.3013952970504761,0.4810070693492889,85.19250000000002,85.19250000000002,85.19250000000002,85.19250000000002
219,219,0.2989654839038849,0.4879249334335327,85.19250000000002,85.19250000000002,85.19250000000002,85.19250000000002
220,220,0.305000364780426,0.4816732108592987,85.19250000000002,85.19250000000002,85.19250000000002,85.19250000000002
221,221,0.2985594868659973,0.4859150946140289,85.19250000000002,85.19250000000002,85.19250000000002,85.19250000000002
222,222,0.3031650483608246,0.4796611666679382,85.19250000000002,85.19250000000002,85.19250000000002,85.19250000000002
223,223,0.2971663177013397,0.4842824637889862,85.19250000000002,85.19250000000002,85.19250000000002,85.19250000000002
224,224,0.2989673614501953,0.4796071648597717,85.19250000000002,85.19250000000002,85.19250000000002,85.19250000000002
225,225,0.296074777841568,0.4837593138217926,85.19250000000002,85.19250000000002,85.19250000000002,85.19250000000002
226,226,0.2964670062065124,0.4799120426177978,85.19250000000002,85.19250000000002,85.19250000000002,85.19250000000002
227,227,0.2949482202529907,0.4860567450523376,85.19250000000002,85.19250000000002,85.19250000000002,85.19250000000002
228,228,0.2962132096290588,0.4810480773448944,85.19250000000002,85.19250000000002,85.19250000000002,85.19250000000002
229,229,0.2955182194709778,0.4900029897689819,85.19250000000002,85.19250000000002,85.19250000000002,85.19250000000002
230,230,0.3027803897857666,0.4834062159061432,85.19250000000002,85.19250000000002,85.19250000000002,85.19250000000002
231,231,0.2968315184116363,0.4886966049671173,85.19250000000002,85.19250000000002,85.19250000000002,85.19250000000002
232,232,0.3048961460590362,0.4809289276599884,85.19250000000002,85.19250000000002,85.19250000000002,85.19250000000002
233,233,0.2956953346729278,0.4848627150058746,85.19250000000002,85.19250000000002,85.19250000000002,85.19250000000002
234,234,0.2974649369716644,0.4785131514072418,85.19250000000002,85.19250000000002,85.19250000000002,85.19250000000002
235,235,0.2936452627182007,0.4839511513710022,85.19250000000002,85.19250000000002,85.19250000000002,85.19250000000002
236,236,0.2943582236766815,0.4802011847496032,85.19250000000002,85.19250000000002,85.19250000000002,85.19250000000002
237,237,0.2922592163085937,0.4859150946140289,85.19250000000002,85.19250000000002,85.19250000000002,85.19250000000002
238,238,0.2935316562652588,0.480258971452713,85.19250000000002,85.19250000000002,85.19250000000002,85.19250000000002
239,239,0.2917439341545105,0.4883879721164703,85.19250000000002,85.19250000000002,85.19250000000002,85.19250000000002
240,240,0.2971686422824859,0.4806680679321289,85.19250000000002,85.19250000000002,85.19250000000002,85.19250000000002
241,241,0.295001208782196,0.4924964904785156,85.19250000000002,85.19250000000002,85.19250000000002,85.19250000000002
242,242,0.3116372525691986,0.4959148466587066,85.19250000000002,85.19250000000002,85.19250000000002,85.19250000000002
243,243,0.2927052974700928,0.4847490787506103,85.19250000000002,85.19250000000002,85.19250000000002,85.19250000000002
244,244,0.2937324643135071,0.4770092368125915,85.19250000000002,85.19250000000002,85.19250000000002,85.19250000000002
245,245,0.2899734377861023,0.4844327569007873,85.19250000000002,85.19250000000002,85.19250000000002,85.19250000000002
246,246,0.2901338040828705,0.4786735773086548,85.19250000000002,85.19250000000002,85.19250000000002,85.19250000000002
247,247,0.2891817986965179,0.4845715463161468,85.19250000000002,85.19250000000002,85.19250000000002,85.19250000000002
248,248,0.2892014384269714,0.4803114831447601,85.19250000000002,85.19250000000002,85.19250000000002,85.19250000000002
249,249,0.2883036136627197,0.4858165681362152,85.19250000000002,85.19250000000002,85.19250000000002,85.19250000000002
250,250,0.2902369797229767,0.4806976616382599,85.19250000000002,85.19250000000002,85.19250000000002,85.19250000000002
251,251,0.2892994284629822,0.489505410194397,85.19250000000002,85.19250000000002,85.19250000000002,85.19250000000002
252,252,0.297658771276474,0.4770847260951996,85.19250000000002,85.19250000000002,85.19250000000002,85.19250000000002
253,253,0.2923651039600372,0.4936297535896301,85.19250000000002,85.19250000000002,85.19250000000002,85.19250000000002
254,254,0.3091621696949005,0.486257255077362,85.19250000000002,85.19250000000002,85.19250000000002,85.19250000000002
255,255,0.2911082506179809,0.4833036065101623,85.19250000000002,85.19250000000002,85.19250000000002,85.19250000000002
256,256,0.2900393903255462,0.4765730202198028,85.19250000000002,85.19250000000002,85.19250000000002,85.19250000000002
257,257,0.2873030602931976,0.4812679588794708,85.19250000000002,85.19250000000002,85.19250000000002,85.19250000000002
258,258,0.2868987917900085,0.4787511527538299,85.19250000000002,85.19250000000002,85.19250000000002,85.19250000000002
259,259,0.2866089642047882,0.4832015335559845,85.19250000000002,85.19250000000002,85.19250000000002,85.19250000000002
260,260,0.2886538803577423,0.4771060943603515,85.19250000000002,85.19250000000002,85.19250000000002,85.19250000000002
261,261,0.2879645526409149,0.4892590641975403,85.19250000000002,85.19250000000002,85.19250000000002,85.19250000000002
262,262,0.2973296642303467,0.4773900508880615,85.19250000000002,85.19250000000002,85.19250000000002,85.19250000000002
263,263,0.2900732159614563,0.486950159072876,85.19250000000002,85.19250000000002,85.19250000000002,85.19250000000002
264,264,0.2950267195701599,0.4775481522083282,85.19250000000002,85.19250000000002,85.19250000000002,85.19250000000002
265,265,0.2893587648868561,0.4830571115016937,85.19250000000002,85.19250000000002,85.19250000000002,85.19250000000002
266,266,0.2884427309036255,0.4786911904811859,85.19250000000002,85.19250000000002,85.19250000000002,85.19250000000002
267,267,0.2868268191814422,0.4809061288833618,85.19250000000002,85.19250000000002,85.19250000000002,85.19250000000002
268,268,0.2861137688159942,0.4780798852443695,85.19250000000002,85.19250000000002,85.19250000000002,85.19250000000002
269,269,0.2865620851516723,0.4867115914821625,85.19250000000002,85.19250000000002,85.19250000000002,85.19250000000002
270,270,0.2951567769050598,0.4765211343765259,85.19250000000002,85.19250000000002,85.19250000000002,85.19250000000002
271,271,0.2896706461906433,0.4874817728996277,85.19250000000002,85.19250000000002,85.19250000000002,85.19250000000002
272,272,0.2974625527858734,0.4784487187862396,85.19250000000002,85.19250000000002,85.19250000000002,85.19250000000002
273,273,0.2893576323986053,0.4817897081375122,85.19250000000002,85.19250000000002,85.19250000000002,85.19250000000002
274,274,0.2881301939487457,0.4783416390419006,85.19250000000002,85.19250000000002,85.19250000000002,85.19250000000002
275,275,0.2865927815437317,0.4803488850593567,85.19250000000002,85.19250000000002,85.19250000000002,85.19250000000002
276,276,0.2857063114643097,0.4785865843296051,85.19250000000002,85.19250000000002,85.19250000000002,85.19250000000002
277,277,0.2846888303756714,0.4818438589572906,85.19250000000002,85.19250000000002,85.19250000000002,85.19250000000002
278,278,0.2876988053321838,0.4757637083530426,85.19250000000002,85.19250000000002,85.19250000000002,85.19250000000002
279,279,0.286339670419693,0.4883224368095398,85.19250000000002,85.19250000000002,85.19250000000002,85.19250000000002
280,280,0.2971831262111664,0.4770076870918274,85.19250000000002,85.19250000000002,85.19250000000002,85.19250000000002
281,281,0.2885473370552063,0.4837526082992553,85.19250000000002,85.19250000000002,85.19250000000002,85.19250000000002
282,282,0.2900921106338501,0.4764722883701324,85.19250000000002,85.19250000000002,85.19250000000002,85.19250000000002
283,283,0.2852400839328766,0.480000764131546,85.19250000000002,85.19250000000002,85.19250000000002,85.19250000000002
284,284,0.2842460870742798,0.4771284759044647,85.19250000000002,85.19250000000002,85.19250000000002,85.19250000000002
285,285,0.2834656834602356,0.4780435562133789,85.19250000000002,85.19250000000002,85.19250000000002,85.19250000000002
286,286,0.2829508781433105,0.4758497178554535,85.19250000000002,85.19250000000002,85.19250000000002,85.19250000000002
287,287,0.2822647988796234,0.4816568791866302,85.19250000000002,85.19250000000002,85.19250000000002,85.19250000000002
288,288,0.2871823608875274,0.4735274612903595,85.19250000000002,85.19250000000002,85.19250000000002,85.19250000000002
289,289,0.2856212556362152,0.4868438839912414,85.19250000000002,85.19250000000002,85.19250000000002,85.19250000000002
290,290,0.3015044331550598,0.4754287600517273,85.19250000000002,85.19250000000002,85.19250000000002,85.19250000000002
291,291,0.2920335531234741,0.4851521253585815,85.19250000000002,85.19250000000002,85.19250000000002,85.19250000000002
292,292,0.2954589426517486,0.4797689914703369,85.19250000000002,85.19250000000002,85.19250000000002,85.19250000000002
293,293,0.2859386503696441,0.4798312783241272,85.19250000000002,85.19250000000002,85.19250000000002,85.19250000000002
294,294,0.2835360467433929,0.4764384329319,85.19250000000002,85.19250000000002,85.19250000000002,85.19250000000002
295,295,0.2819853127002716,0.4754820168018341,85.19250000000002,85.19250000000002,85.19250000000002,85.19250000000002
296,296,0.2808950841426849,0.4740331172943115,85.19250000000002,85.19250000000002,85.19250000000002,85.19250000000002
297,297,0.2813787460327148,0.4767286777496338,85.19250000000002,85.19250000000002,85.19250000000002,85.19250000000002
298,298,0.2817636430263519,0.4735134840011596,85.19250000000002,85.19250000000002,85.19250000000002,85.19250000000002
299,299,0.281451404094696,0.4817269146442413,85.19250000000002,85.19250000000002,85.19250000000002,85.19250000000002
300,300,0.2887058556079864,0.4724956750869751,85.19250000000002,85.19250000000002,85.19250000000002,85.19250000000002
301,301,0.2842141091823578,0.4818809628486633,85.19250000000002,85.19250000000002,85.19250000000002,85.19250000000002
302,302,0.2917192280292511,0.4755082726478576,85.19250000000002,85.19250000000002,85.19250000000002,85.19250000000002
303,303,0.2846836447715759,0.4796368479728699,85.19250000000002,85.19250000000002,85.19250000000002,85.19250000000002
304,304,0.2825826704502105,0.4766537547111511,85.19250000000002,85.19250000000002,85.19250000000002,85.19250000000002
305,305,0.2812670469284057,0.4778232276439667,85.19250000000002,85.19250000000002,85.19250000000002,85.19250000000002
306,306,0.2808653116226196,0.4776133596897125,85.19250000000002,85.19250000000002,85.19250000000002,85.19250000000002
307,307,0.2808417975902557,0.481562852859497,85.19250000000002,85.19250000000002,85.19250000000002,85.19250000000002
308,308,0.2872966229915619,0.4738603830337524,85.19250000000002,85.19250000000002,85.19250000000002,85.19250000000002
309,309,0.2839051485061645,0.4834564328193664,85.19250000000002,85.19250000000002,85.19250000000002,85.19250000000002
310,310,0.2923942804336548,0.4775826334953308,85.19250000000002,85.19250000000002,85.19250000000002,85.19250000000002
311,311,0.2843415737152099,0.4824528396129608,85.19250000000002,85.19250000000002,85.19250000000002,85.19250000000002
312,312,0.2820006012916565,0.4768059849739074,85.19250000000002,85.19250000000002,85.19250000000002,85.19250000000002
313,313,0.2807232737541199,0.4782392084598541,85.19250000000002,85.19250000000002,85.19250000000002,85.19250000000002
314,314,0.279369980096817,0.476360023021698,85.19250000000002,85.19250000000002,85.19250000000002,85.19250000000002
315,315,0.2795397043228149,0.4759313464164734,85.19250000000002,85.19250000000002,85.19250000000002,85.19250000000002
316,316,0.2816298604011535,0.4755851030349731,85.19250000000002,85.19250000000002,85.19250000000002,85.19250000000002
317,317,0.2806747555732727,0.4820606112480163,85.19250000000002,85.19250000000002,85.19250000000002,85.19250000000002
318,318,0.2889942824840545,0.4761309027671814,85.19250000000002,85.19250000000002,85.19250000000002,85.19250000000002
319,319,0.2849602103233337,0.4816248416900635,85.19250000000002,85.19250000000002,85.19250000000002,85.19250000000002
320,320,0.2888623178005218,0.4794232845306396,85.19250000000002,85.19250000000002,85.19250000000002,85.19250000000002
321,321,0.2814103960990906,0.4838139414787292,85.19250000000002,85.19250000000002,85.19250000000002,85.19250000000002
322,322,0.2796790897846222,0.4794052839279175,85.19250000000002,85.19250000000002,85.19250000000002,85.19250000000002
323,323,0.2783027291297912,0.475437581539154,85.19250000000002,85.19250000000002,85.19250000000002,85.19250000000002
324,324,0.2770602107048034,0.4747471511363983,85.19250000000002,85.19250000000002,85.19250000000002,85.19250000000002
325,325,0.2768933773040771,0.4746341705322265,85.19250000000002,85.19250000000002,85.19250000000002,85.19250000000002
326,326,0.2770542502403259,0.4726369380950928,85.19250000000002,85.19250000000002,85.19250000000002,85.19250000000002
327,327,0.2774608135223388,0.4788846969604492,85.19250000000002,85.19250000000002,85.19250000000002,85.19250000000002
328,328,0.2842867970466614,0.471841037273407,85.19250000000002,85.19250000000002,85.19250000000002,85.19250000000002
329,329,0.2814772129058838,0.4837789833545685,85.19250000000002,85.19250000000002,85.19250000000002,85.19250000000002
330,330,0.2953791320323944,0.4803041219711303,85.19250000000002,85.19250000000002,85.19250000000002,85.19250000000002
331,331,0.2841874361038208,0.4802316427230835,85.19250000000002,85.19250000000002,85.19250000000002,85.19250000000002
332,332,0.2793114483356476,0.4821045696735382,85.19250000000002,85.19250000000002,85.19250000000002,85.19250000000002
333,333,0.2767650485038757,0.4744818210601806,85.19250000000002,85.19250000000002,85.19250000000002,85.19250000000002
334,334,0.2754390835762024,0.4752777814865112,85.19250000000002,85.19250000000002,85.19250000000002,85.19250000000002
335,335,0.2747826278209686,0.4726129174232483,85.19250000000002,85.19250000000002,85.19250000000002,85.19250000000002
336,336,0.2754161953926086,0.4764010310173034,85.19250000000002,85.19250000000002,85.19250000000002,85.19250000000002
337,337,0.2805932164192199,0.4719915390014648,85.19250000000002,85.19250000000002,85.19250000000002,85.19250000000002
338,338,0.2792553007602691,0.4838777482509613,85.19250000000002,85.19250000000002,85.19250000000002,85.19250000000002
339,339,0.2949808537960052,0.4807814657688141,85.19250000000002,85.19250000000002,85.19250000000002,85.19250000000002
340,340,0.2825645208358764,0.4825085401535034,85.19250000000002,85.19250000000002,85.19250000000002,85.19250000000002
341,341,0.2782314717769623,0.4830403923988342,85.19250000000002,85.19250000000002,85.19250000000002,85.19250000000002
342,342,0.2750700712203979,0.4755550026893616,85.19250000000002,85.19250000000002,85.19250000000002,85.19250000000002
343,343,0.2738045752048492,0.4772390723228454,85.19250000000002,85.19250000000002,85.19250000000002,85.19250000000002
344,344,0.2730262279510498,0.4733314514160156,85.19250000000002,85.19250000000002,85.19250000000002,85.19250000000002
345,345,0.2732495069503784,0.4750736951828003,85.19250000000002,85.19250000000002,85.19250000000002,85.19250000000002
346,346,0.2739491760730743,0.476150244474411,85.19250000000002,85.19250000000002,85.19250000000002,85.19250000000002
347,347,0.2740034759044647,0.4784920513629913,85.19250000000002,85.19250000000002,85.19250000000002,85.19250000000002
348,348,0.2831685543060303,0.4766534566879272,85.19250000000002,85.19250000000002,85.19250000000002,85.19250000000002
349,349,0.2777179479598999,0.4820862114429474,85.19250000000002,85.19250000000002,85.19250000000002,85.19250000000002
350,350,0.2877638638019562,0.4800540506839752,85.19250000000002,85.19250000000002,85.19250000000002,85.19250000000002
351,351,0.2799542844295501,0.4842144846916199,85.19250000000002,85.19250000000002,85.19250000000002,85.19250000000002
352,352,0.2771115005016327,0.4836736917495727,85.19250000000002,85.19250000000002,85.19250000000002,85.19250000000002
353,353,0.2737683057785034,0.4783237874507904,85.19250000000002,85.19250000000002,85.19250000000002,85.19250000000002
354,354,0.2721304297447204,0.4805125296115875,85.19250000000002,85.19250000000002,85.19250000000002,85.19250000000002
355,355,0.2717616558074951,0.4777628779411316,85.19250000000002,85.19250000000002,85.19250000000002,85.19250000000002
356,356,0.2720063328742981,0.4792562425136566,85.19250000000002,85.19250000000002,85.19250000000002,85.19250000000002
357,357,0.2719620168209076,0.4784921705722809,85.19250000000002,85.19250000000002,85.19250000000002,85.19250000000002
358,358,0.2750283479690552,0.4787991642951965,85.19250000000002,85.19250000000002,85.19250000000002,85.19250000000002
359,359,0.2753692269325256,0.4852573871612549,85.19250000000002,85.19250000000002,85.19250000000002,85.19250000000002
360,360,0.2910694777965545,0.4817018806934356,85.19250000000002,85.19250000000002,85.19250000000002,85.19250000000002
361,361,0.2783364951610565,0.4842127859592438,85.19250000000002,85.19250000000002,85.19250000000002,85.19250000000002
362,362,0.2756718695163727,0.4870204031467438,85.19250000000002,85.19250000000002,85.19250000000002,85.19250000000002
363,363,0.2725529968738556,0.4809913337230682,85.19250000000002,85.19250000000002,85.19250000000002,85.19250000000002
364,364,0.2704461216926574,0.4822984039783478,85.19250000000002,85.19250000000002,85.19250000000002,85.19250000000002
365,365,0.271272748708725,0.480620265007019,85.19250000000002,85.19250000000002,85.19250000000002,85.19250000000002
366,366,0.2728005051612854,0.4806356728076935,85.19250000000002,85.19250000000002,85.19250000000002,85.19250000000002
367,367,0.2742094397544861,0.4846842885017395,85.19250000000002,85.19250000000002,85.19250000000002,85.19250000000002
368,368,0.2849955260753631,0.4822431802749634,85.19250000000002,85.19250000000002,85.19250000000002,85.19250000000002
369,369,0.2746805846691131,0.4845118820667267,85.19250000000002,85.19250000000002,85.19250000000002,85.19250000000002
370,370,0.2721619606018066,0.4879614114761352,85.19250000000002,85.19250000000002,85.19250000000002,85.19250000000002
371,371,0.2714196443557739,0.4821646511554718,85.19250000000002,85.19250000000002,85.19250000000002,85.19250000000002
372,372,0.26962611079216,0.4847323298454284,85.19250000000002,85.19250000000002,85.19250000000002,85.19250000000002
373,373,0.2724849283695221,0.4835861921310425,85.19250000000002,85.19250000000002,85.19250000000002,85.19250000000002
374,374,0.2813100814819336,0.4846618175506592,85.19250000000002,85.19250000000002,85.19250000000002,85.19250000000002
375,375,0.2744534015655517,0.4857214391231537,85.19250000000002,85.19250000000002,85.19250000000002,85.19250000000002
376,376,0.2727969884872436,0.486414760351181,85.19250000000002,85.19250000000002,85.19250000000002,85.19250000000002
377,377,0.2715641558170318,0.4867120087146759,85.19250000000002,85.19250000000002,85.19250000000002,85.19250000000002
378,378,0.2699165344238281,0.4850136637687683,85.19250000000002,85.19250000000002,85.19250000000002,85.19250000000002
379,379,0.2718338072299957,0.4856180846691131,85.19250000000002,85.19250000000002,85.19250000000002,85.19250000000002
380,380,0.2759226262569427,0.4861417710781097,85.19250000000002,85.19250000000002,85.19250000000002,85.19250000000002
381,381,0.2715981602668762,0.488602727651596,85.19250000000002,85.19250000000002,85.19250000000002,85.19250000000002
382,382,0.2698438763618469,0.4871052503585815,85.19250000000002,85.19250000000002,85.19250000000002,85.19250000000002
383,383,0.2709392607212066,0.4878822565078735,85.19250000000002,85.19250000000002,85.19250000000002,85.19250000000002
384,384,0.2690155208110809,0.4861586689949035,85.19250000000002,85.19250000000002,85.19250000000002,85.19250000000002
385,385,0.2719184756278991,0.4892646670341491,85.19250000000002,85.19250000000002,85.19250000000002,85.19250000000002
386,386,0.2790939211845398,0.4890642464160919,85.19250000000002,85.19250000000002,85.19250000000002,85.19250000000002
387,387,0.2715089023113251,0.4916662871837616,85.19250000000002,85.19250000000002,85.19250000000002,85.19250000000002
388,388,0.268958032131195,0.4892444610595703,85.19250000000002,85.19250000000002,85.19250000000002,85.19250000000002
389,389,0.2703227996826172,0.490986704826355,85.19250000000002,85.19250000000002,85.19250000000002,85.19250000000002
390,390,0.2678587734699249,0.4884229898452759,85.19250000000002,85.19250000000002,85.19250000000002,85.19250000000002
391,391,0.2692791819572449,0.4897061586380005,85.19250000000002,85.19250000000002,85.19250000000002,85.19250000000002
392,392,0.2693245410919189,0.4878571033477783,85.19250000000002,85.19250000000002,85.19250000000002,85.19250000000002
393,393,0.268511563539505,0.4883102178573608,85.19250000000002,85.19250000000002,85.19250000000002,85.19250000000002
394,394,0.2735482156276703,0.4926512539386749,85.19250000000002,85.19250000000002,85.19250000000002,85.19250000000002
395,395,0.2703594863414764,0.4892722368240356,85.19250000000002,85.19250000000002,85.19250000000002,85.19250000000002
396,396,0.2737777531147003,0.4928491115570068,85.19250000000002,85.19250000000002,85.19250000000002,85.19250000000002
397,397,0.2711354792118072,0.4946754574775696,85.19250000000002,85.19250000000002,85.19250000000002,85.19250000000002
398,398,0.2704469561576843,0.4927152395248413,85.19250000000002,85.19250000000002,85.19250000000002,85.19250000000002
399,399,0.2689008116722107,0.4942771196365356,85.19250000000002,85.19250000000002,85.19250000000002,85.19250000000002
400,400,0.2677606046199798,0.4940049350261688,85.19250000000002,85.19250000000002,85.19250000000002,85.19250000000002
401,401,0.2678482830524444,0.490941047668457,85.19250000000002,85.19250000000002,85.19250000000002,85.19250000000002
402,402,0.2683309316635132,0.4958937168121338,85.19250000000002,85.19250000000002,85.19250000000002,85.19250000000002
403,403,0.271697998046875,0.4956066906452179,85.19250000000002,85.19250000000002,85.19250000000002,85.19250000000002
404,404,0.2848205864429474,0.494426816701889,85.19250000000002,85.19250000000002,85.19250000000002,85.19250000000002
405,405,0.2716438174247741,0.5018107295036316,85.19250000000002,85.19250000000002,85.19250000000002,85.19250000000002
406,406,0.2678351700305938,0.4999665021896362,85.19250000000002,85.19250000000002,85.19250000000002,85.19250000000002
407,407,0.2665336430072784,0.4973268508911133,85.19250000000002,85.19250000000002,85.19250000000002,85.19250000000002
408,408,0.2651540338993072,0.4986467361450195,85.19250000000002,85.19250000000002,85.19250000000002,85.19250000000002
409,409,0.2655743956565857,0.49477019906044,85.19250000000002,85.19250000000002,85.19250000000002,85.19250000000002
410,410,0.2649133801460266,0.4963913857936859,85.19250000000002,85.19250000000002,85.19250000000002,85.19250000000002
411,411,0.2655180990695953,0.4933267831802368,85.19250000000002,85.19250000000002,85.19250000000002,85.19250000000002
412,412,0.2653838992118835,0.4987902045249939,85.19250000000002,85.19250000000002,85.19250000000002,85.19250000000002
413,413,0.2668560147285461,0.4956584870815277,85.19250000000002,85.19250000000002,85.19250000000002,85.19250000000002
414,414,0.274351567029953,0.4990269541740417,85.19250000000002,85.19250000000002,85.19250000000002,85.19250000000002
415,415,0.2677719891071319,0.4987876415252685,85.19250000000002,85.19250000000002,85.19250000000002,85.19250000000002
416,416,0.2676058709621429,0.5011319518089294,85.19250000000002,85.19250000000002,85.19250000000002,85.19250000000002
417,417,0.2682298421859741,0.5004615187644958,85.19250000000002,85.19250000000002,85.19250000000002,85.19250000000002
418,418,0.266407310962677,0.5003034472465515,85.19250000000002,85.19250000000002,85.19250000000002,85.19250000000002
419,419,0.266251266002655,0.5009675025939941,85.19250000000002,85.19250000000002,85.19250000000002,85.19250000000002
420,420,0.2657245695590973,0.4988357424736023,85.19250000000002,85.19250000000002,85.19250000000002,85.19250000000002
421,421,0.2660765051841736,0.5006084442138672,85.19250000000002,85.19250000000002,85.19250000000002,85.19250000000002
422,422,0.2723589837551117,0.5017379522323608,85.19250000000002,85.19250000000002,85.19250000000002,85.19250000000002
423,423,0.2676035165786743,0.5028868317604065,85.19250000000002,85.19250000000002,85.19250000000002,85.19250000000002
424,424,0.2680947184562683,0.5054864287376404,85.19250000000002,85.19250000000002,85.19250000000002,85.19250000000002
425,425,0.2663350105285644,0.5028272867202759,85.19250000000002,85.19250000000002,85.19250000000002,85.19250000000002
426,426,0.2647868692874908,0.5046653747558594,85.19250000000002,85.19250000000002,85.19250000000002,85.19250000000002
427,427,0.2652667462825775,0.5029199123382568,85.19250000000002,85.19250000000002,85.19250000000002,85.19250000000002
428,428,0.2646250426769256,0.5053899884223938,85.19250000000002,85.19250000000002,85.19250000000002,85.19250000000002
429,429,0.2648665904998779,0.5030769109725952,85.19250000000002,85.19250000000002,85.19250000000002,85.19250000000002
430,430,0.2669386565685272,0.5068457126617432,85.19250000000002,85.19250000000002,85.19250000000002,85.19250000000002
431,431,0.2659617066383362,0.5040472149848938,85.19250000000002,85.19250000000002,85.19250000000002,85.19250000000002
432,432,0.2669090926647186,0.5091880559921265,85.19250000000002,85.19250000000002,85.19250000000002,85.19250000000002
433,433,0.2659596800804138,0.5052091479301453,85.19250000000002,85.19250000000002,85.19250000000002,85.19250000000002
434,434,0.2646936476230621,0.5085639357566833,85.19250000000002,85.19250000000002,85.19250000000002,85.19250000000002
435,435,0.2651281058788299,0.5073975324630737,85.19250000000002,85.19250000000002,85.19250000000002,85.19250000000002
436,436,0.26689013838768,0.5110688805580139,85.19250000000002,85.19250000000002,85.19250000000002,85.19250000000002
437,437,0.2655721306800842,0.5092944502830505,85.19250000000002,85.19250000000002,85.19250000000002,85.19250000000002
438,438,0.2637706696987152,0.5106570720672607,85.19250000000002,85.19250000000002,85.19250000000002,85.19250000000002
439,439,0.2640201449394226,0.5091442465782166,85.19250000000002,85.19250000000002,85.19250000000002,85.19250000000002
440,440,0.2644699513912201,0.5103954076766968,85.19250000000002,85.19250000000002,85.19250000000002,85.19250000000002
441,441,0.2640314996242523,0.5089388489723206,85.19250000000002,85.19250000000002,85.19250000000002,85.19250000000002
442,442,0.2627247869968414,0.5102917551994324,85.19250000000002,85.19250000000002,85.19250000000002,85.19250000000002
443,443,0.2628090679645538,0.5116941332817078,85.19250000000002,85.19250000000002,85.19250000000002,85.19250000000002
444,444,0.2643295228481293,0.5121780633926392,85.19250000000002,85.19250000000002,85.19250000000002,85.19250000000002
445,445,0.2642681896686554,0.5139952898025513,85.19250000000002,85.19250000000002,85.19250000000002,85.19250000000002
446,446,0.2711661458015442,0.5102761387825012,85.19250000000002,85.19250000000002,85.19250000000002,85.19250000000002
447,447,0.2661943137645721,0.5135560035705566,85.19250000000002,85.19250000000002,85.19250000000002,85.19250000000002
448,448,0.266438364982605,0.5121603608131409,85.19250000000002,85.19250000000002,85.19250000000002,85.19250000000002
449,449,0.2635825872421264,0.5160947442054749,85.19250000000002,85.19250000000002,85.19250000000002,85.19250000000002
450,450,0.2626161575317383,0.5169147849082947,85.19250000000002,85.19250000000002,85.19250000000002,85.19250000000002
451,451,0.2616987526416778,0.5139065384864807,85.19250000000002,85.19250000000002,85.19250000000002,85.19250000000002
452,452,0.26014044880867,0.5160926580429077,85.19250000000002,85.19250000000002,85.19250000000002,85.19250000000002
453,453,0.2612858712673187,0.5186276435852051,85.19250000000002,85.19250000000002,85.19250000000002,85.19250000000002
454,454,0.260473370552063,0.5169708728790283,85.19250000000002,85.19250000000002,85.19250000000002,85.19250000000002
455,455,0.2603227198123932,0.5198200345039368,85.19250000000002,85.19250000000002,85.19250000000002,85.19250000000002
456,456,0.2603434920310974,0.5190429091453552,85.19250000000002,85.19250000000002,85.19250000000002,85.19250000000002
457,457,0.2601285874843597,0.5214765667915344,85.19250000000002,85.19250000000002,85.19250000000002,85.19250000000002
458,458,0.2599164843559265,0.5219709277153015,85.19250000000002,85.19250000000002,85.19250000000002,85.19250000000002
459,459,0.2595179080963135,0.5207356810569763,85.19250000000002,85.19250000000002,85.19250000000002,85.19250000000002
460,460,0.2594260275363922,0.5247563123703003,85.19250000000002,85.19250000000002,85.19250000000002,85.19250000000002
461,461,0.2598523497581482,0.5231841802597046,85.19250000000002,85.19250000000002,85.19250000000002,85.19250000000002
462,462,0.2609308362007141,0.5299472212791443,85.19250000000002,85.19250000000002,85.19250000000002,85.19250000000002
463,463,0.2607262730598449,0.5265697240829468,85.19250000000002,85.19250000000002,85.19250000000002,85.19250000000002
464,464,0.2670102417469024,0.531972348690033,85.19250000000002,85.19250000000002,85.19250000000002,85.19250000000002
465,465,0.2627233266830444,0.5248079895973206,85.19250000000002,85.19250000000002,85.19250000000002,85.19250000000002
466,466,0.2641653716564178,0.5246105790138245,85.19250000000002,85.19250000000002,85.19250000000002,85.19250000000002
467,467,0.2607001364231109,0.5333394408226013,85.19250000000002,85.19250000000002,85.19250000000002,85.19250000000002
468,468,0.2606009244918823,0.528628945350647,85.19250000000002,85.19250000000002,85.19250000000002,85.19250000000002
469,469,0.2578123807907104,0.5334497690200806,85.19250000000002,85.19250000000002,85.19250000000002,85.19250000000002
470,470,0.257271260023117,0.5326585173606873,85.19250000000002,85.19250000000002,85.19250000000002,85.19250000000002
471,471,0.2567327618598938,0.529797375202179,85.19250000000002,85.19250000000002,85.19250000000002,85.19250000000002
472,472,0.2567327916622162,0.5362047553062439,85.19250000000002,85.19250000000002,85.19250000000002,85.19250000000002
473,473,0.2555359899997711,0.5282160043716431,85.19250000000002,85.19250000000002,85.19250000000002,85.19250000000002
474,474,0.2562278211116791,0.537356972694397,85.19250000000002,85.19250000000002,85.19250000000002,85.19250000000002
475,475,0.2550434172153473,0.5302363634109497,85.19250000000002,85.19250000000002,85.19250000000002,85.19250000000002
476,476,0.2554531097412109,0.5393697619438171,85.19250000000002,85.19250000000002,85.19250000000002,85.19250000000002
477,477,0.2545482814311981,0.5280922055244446,85.19250000000002,85.19250000000002,85.19250000000002,85.19250000000002
478,478,0.2549365758895874,0.5424964427947998,85.19250000000002,85.19250000000002,85.19250000000002,85.19250000000002
479,479,0.254741758108139,0.5310593247413635,85.19250000000002,85.19250000000002,85.19250000000002,85.19250000000002
480,480,0.2535134553909302,0.5419825911521912,85.19250000000002,85.19250000000002,85.19250000000002,85.19250000000002
481,481,0.2538512349128723,0.5284435153007507,85.19250000000002,85.19250000000002,85.19250000000002,85.19250000000002
482,482,0.2531042397022247,0.5437357425689697,85.19250000000002,85.19250000000002,85.19250000000002,85.19250000000002
483,483,0.253714919090271,0.5291168689727783,85.19250000000002,85.19250000000002,85.19250000000002,85.19250000000002
484,484,0.2529290020465851,0.5458680987358093,85.19250000000002,85.19250000000002,85.19250000000002,85.19250000000002
485,485,0.2536374926567077,0.5280434489250183,85.19250000000002,85.19250000000002,85.19250000000002,85.19250000000002
486,486,0.2520809471607208,0.5436051487922668,85.19250000000002,85.19250000000002,85.19250000000002,85.19250000000002
487,487,0.2521233260631561,0.5286920070648193,85.19250000000002,85.19250000000002,85.19250000000002,85.19250000000002
488,488,0.2513662576675415,0.5416204333305359,85.19250000000002,85.19250000000002,85.19250000000002,85.19250000000002
489,489,0.2521567940711975,0.5328122973442078,85.19250000000002,85.19250000000002,85.19250000000002,85.19250000000002
490,490,0.2512224912643432,0.5447776317596436,85.19250000000002,85.19250000000002,85.19250000000002,85.19250000000002
491,491,0.251795083284378,0.5333669185638428,85.19250000000002,85.19250000000002,85.19250000000002,85.19250000000002
492,492,0.2506054639816284,0.5442199110984802,85.19250000000002,85.19250000000002,85.19250000000002,85.19250000000002
493,493,0.2505944967269897,0.5335522294044495,85.19250000000002,85.19250000000002,85.19250000000002,85.19250000000002
494,494,0.2496109902858734,0.5463476777076721,85.19250000000002,85.19250000000002,85.19250000000002,85.19250000000002
495,495,0.2506733238697052,0.5361482501029968,85.19250000000002,85.19250000000002,85.19250000000002,85.19250000000002
496,496,0.2501251101493835,0.5445378422737122,85.19250000000002,85.19250000000002,85.19250000000002,85.19250000000002
497,497,0.2498920410871505,0.5334299802780151,85.19250000000002,85.19250000000002,85.19250000000002,85.19250000000002
498,498,0.2492100596427917,0.5456688404083252,85.19250000000002,85.19250000000002,85.19250000000002,85.19250000000002
499,499,0.2488888204097747,0.5379024744033813,85.19250000000002,85.19250000000002,85.19250000000002,85.19250000000002
