,train_loss,test_loss,train_predict,train_label,validation_predict,validation_label
0,12.012935638427734,12.042126655578612,914.4354993292327,1003.2691175020841,1004.7185779427306,1098.4424294381613
1,10.77267837524414,10.772226333618164,1316.1859221307184,1266.0551036718393,1103.417731242825,1237.548034109834
2,9.56511402130127,9.5512113571167,1241.026460254329,1143.2591301186487,1196.1910597212225,1358.9631978677564
3,8.373608589172363,8.299023628234863,1336.3662959627134,1439.7171485331637,1165.8137513399731,1462.1710441076682
4,7.169082164764404,6.997355937957764,1275.3474724689715,1394.7900870275573,857.9196003461947,835.4946736959173
5,5.963500499725342,5.772074699401856,1195.8966796684645,1178.3015763084068,1312.2765753146798,997.3978075049713
6,4.769049644470215,4.6122918128967285,1028.5270401295052,1161.4116158654203,825.6233701395607,892.4142993275375
7,3.703281164169312,3.552320003509521,943.9898874165752,1022.5214715295194,1056.775798168042,1177.1211401881533
8,2.759594678878784,2.671128273010254,900.5453755823517,899.9786749639936,1050.4490992176534,1072.5807868231293
9,2.0099871158599854,1.9692130088806152,1057.4675025469598,1036.128498524545,959.7436574922853,883.0710922870135
10,1.426813006401062,1.4483722448349,1408.4829431766386,1371.6103836141042,982.3114003051086,895.6619883075108
11,1.0474448204040527,1.092941403388977,1340.4363981219462,1489.3785056073043,1439.666817404419,1029.8045887047165
12,0.7896064519882202,0.9069453477859496,1069.8871839846624,1033.5193936641847,951.2204548364458,1373.2363199520112
13,0.6511868834495544,0.7845914959907532,863.0630740457697,791.8499783546719,840.1278632816462,874.5049750541464
14,0.5719324350357056,0.7266604900360107,1264.7485227830698,1022.1531161275866,1215.223579549053,1067.7517242048805
15,0.5271110534667969,0.6897599101066589,1244.008547937779,1425.2537316775097,996.7329802023604,922.621027019301
16,0.4994048774242401,0.6709201335906982,869.579116927594,912.9435046475442,1133.9895814806453,1196.3553648669476
17,0.4817182421684265,0.6674371957778931,1028.1767506868825,935.352203629108,852.4423818193651,1281.9233548791772
18,0.4755848944187164,0.6635101437568665,935.8006197559832,892.8168215788321,844.4875279044877,1065.9869018429442
19,0.4644733369350433,0.6668911576271057,903.6544954849503,968.937075543863,1417.8738189940088,1211.4848768118309
20,0.4592996835708618,0.6659671664237976,851.2696791974829,785.2751101737606,1021.6260972303797,1021.6719911059604
21,0.4507009983062744,0.6653053760528564,1152.8605219039796,1235.7604549781001,1147.5652307568691,884.8278008145928
22,0.4484132826328277,0.6602576375007629,1198.8800351385328,1202.3233435937022,916.0845093835918,1302.6966725125283
23,0.4432724118232727,0.6497311592102051,1108.5236784585002,1158.3511789689626,1405.5916290150553,1074.6543786159405
24,0.439715027809143,0.640622615814209,873.4829488718433,785.5114255994025,865.1918145564749,1383.2887268267848
25,0.4326663315296173,0.6375111937522888,1323.6995863024445,1283.4439381491075,951.6077002589906,1117.8071727493045
26,0.4293145835399627,0.6351784467697144,832.6573038549408,853.7049705124812,1176.4768510287583,1362.075360458239
27,0.4260444939136505,0.6301989555358887,850.2155146244071,832.4831099735932,1215.4103245179213,1434.6225480077221
28,0.4238380789756775,0.6288182735443115,1240.4873973842487,1154.6322537029853,1351.136010065337,1403.2292354306066
29,0.4194628894329071,0.6187008023262024,1259.3923778782832,1352.2643401555802,1122.4763674749918,1057.749204733535
30,0.414210706949234,0.6150819659233093,1096.4096603744576,981.9938197572367,1269.849208684279,1418.1509571487584
31,0.4103178083896637,0.6122428178787231,963.1242738991823,908.0232881714431,1437.2471198648252,1407.9375413734672
32,0.4082147181034088,0.6067264676094055,1148.5672259106036,1043.3217296285084,1334.4139045706067,1046.6546138692281
33,0.4056220948696136,0.6054250597953796,1111.7837283580016,1001.5986818538765,1097.2774603146504,883.0248180754472
34,0.4010826051235199,0.5997672080993652,1005.400076639371,1282.7576852526483,1381.4736367254347,1306.5470672508184
35,0.399779349565506,0.5913347601890564,980.0626637909861,939.5286096962811,1147.2329438842255,1425.3616203187225
36,0.3944801390171051,0.6012865304946899,1415.1810402168437,1388.2991463207743,1113.6455363962339,879.677607845941
37,0.3920468091964721,0.5915176272392273,1004.7446943470663,1033.7912071151377,1260.218974753383,1065.0330825807027
38,0.3890775740146637,0.5953665971755981,979.0629506531642,943.3800820531967,1177.9544563323298,1143.3914236522633
39,0.3819206655025482,0.5846602916717529,951.9364373291031,899.494887590469,1075.7437876570034,509.83578949255923
40,0.3795709311962127,0.5836020112037659,1137.3281707611472,1254.2617722128834,941.1699496415997,1088.9079133969433
41,0.3750172555446625,0.5794836282730103,1255.1883974521631,1268.6193288859138,1357.67626767157,1420.9683593504974
42,0.3741539716720581,0.5841447710990906,1221.644791991832,1184.122618566106,768.5088857047156,1214.3562867235075
43,0.3696431219577789,0.579022228717804,1105.0866455470907,1150.4258644822905,1325.1351010902902,1088.8689289584318
44,0.3651458024978637,0.5732358694076538,1174.1976242464668,1233.3426591184336,1237.1376515815061,1191.6380576390977
45,0.3631799221038818,0.5850364565849304,1046.6355970699544,935.2401946813854,852.163341984688,1081.2243024290406
46,0.3577375113964081,0.5762037038803101,1079.6275885726843,943.5911051358045,920.0056466151801,881.87259020745
47,0.3540488183498382,0.5800178647041321,869.3128817377614,866.3179894094673,1012.7470902601282,1153.4785678803769
48,0.3493291437625885,0.5849426984786987,1051.8872763573972,1058.6396980541945,1217.78869221376,1490.6735496378476
49,0.3445982038974762,0.5839611887931824,853.6258606275024,881.6220755716835,1161.00731871286,1006.4892955124416
50,0.3426461517810821,0.5881562829017639,1346.908575586779,1422.655529782066,1115.0274871994586,1195.2740696602414
51,0.3368858098983764,0.5893878936767578,1215.7789968665086,1302.645453933151,909.3315171828164,891.9459155614246
52,0.3362120389938354,0.5888282060623169,965.5843504425674,1004.2858189805905,961.1525487611475,979.5944701928659
53,0.3315982818603515,0.5890209078788757,1107.6516314331361,1145.0408140426077,1027.581207922959,833.8630957075592
54,0.3324630856513977,0.598421573638916,1116.5344417632425,1125.1666106789205,935.1914482859138,975.5774249036068
55,0.3254396021366119,0.5911707878112793,888.019897351356,992.3122082645193,1199.7106889308106,1365.628459234549
56,0.3247180879116058,0.6037717461585999,1286.3343648600578,1172.4914370156246,1128.8378671680516,1121.9047858781532
57,0.3229081630706787,0.5959386229515076,1028.9854083813339,1134.0430820759352,1111.8514281634161,935.3191777877025
58,0.3174880445003509,0.6045969128608704,962.2366330984139,871.6873192950835,984.70523499769,807.4159892322189
59,0.3158419728279114,0.6052467823028564,1093.7145995813798,979.6728194058737,912.0040113740893,1186.3005491975994
60,0.3134823739528656,0.6051854491233826,985.0410082835339,860.3108994655396,888.8811048011339,915.9231201470885
61,0.3095266819000244,0.6062173843383789,1409.286593113948,1373.6091759964386,1375.404488626544,1425.6308981964391
62,0.3062428534030914,0.610298216342926,938.8279674217048,917.0640013248525,911.1042632111166,889.6502075530958
63,0.3054270446300506,0.5991849899291992,1181.9612959393119,1134.9967745595145,1138.9594951921815,934.0013769873616
64,0.3030828833580017,0.5998505353927612,1410.0761706197945,1468.88004411279,1297.5176373983115,1175.0401952329564
65,0.296632707118988,0.6155091524124146,1205.7215188452622,1388.6773270689985,1387.0537995256664,1227.1250532065455
66,0.2960430085659027,0.6104474663734436,1092.1294859725804,1033.722873416414,1372.008595390897,1124.887824401567
67,0.2967853844165802,0.6180893182754517,940.9728088224616,1019.675227182215,1107.6279238233749,836.9133903110711
68,0.2906085848808288,0.620029628276825,847.5427668758107,850.0198951492112,1033.971359593591,1076.6112706505417
69,0.2909251749515533,0.6170240044593811,948.7974610516447,917.0595006823577,766.5132627889266,1147.161504108287
70,0.2883155941963196,0.6172969341278076,1090.8436333950197,930.6284306895049,934.8083231698782,989.9718741672281
71,0.2849440574645996,0.6160716414451599,898.2199379778249,844.4470855113655,1240.8161344543612,1109.2501835800888
72,0.2821222245693207,0.6169852614402771,1390.7567506802536,1418.5335751501466,1002.0143256966703,1289.9879991151956
73,0.2823976278305053,0.6209473609924316,901.4216063035558,902.5818212272483,1012.3974347108147,1215.53735673707
74,0.277509480714798,0.616298258304596,1008.0475954342647,867.5152237024124,830.8637027367702,1016.7235029882722
75,0.2774781286716461,0.6225952506065369,1268.1321184885198,1077.6790005404328,1438.605553226281,1071.4558797567552
76,0.2718453109264374,0.6237186193466187,1039.1392381855674,1042.1876311091519,1111.4274803182732,1197.1558453377113
77,0.2728401720523834,0.6105037927627563,1019.7289813348289,978.100510441919,1117.4005935808314,876.8468304953795
78,0.2709404528141022,0.6267173886299133,1011.8111467892045,854.8724752092285,1086.5279609678316,1146.1103822230953
79,0.2654277980327606,0.6164906024932861,1228.8986866854787,1292.4680432978178,870.0291177877422,1208.8794485326632
80,0.2653481960296631,0.6097165942192078,961.2693119086886,862.7205181015183,1254.7200770753811,1453.1152442935015
81,0.2673209905624389,0.615619421005249,1411.4976129761776,1367.0221370639922,891.9927602769691,888.2777017601774
82,0.2646279036998749,0.6105778217315674,1138.373524217226,923.1207251148845,1133.6861367535666,1279.5456210766476
83,0.2591002285480499,0.6260977387428284,916.8822007237952,1037.4132734834805,893.0266402641527,952.4334096834575
84,0.2701660394668579,0.5994054079055786,1024.5492962254118,983.8657700884152,1027.125248465705,967.2161185989182
85,0.2634505927562713,0.6354115009307861,958.6358655452576,939.3308983731649,1363.1921536902562,1434.3734279372356
86,0.2516446411609649,0.5990149974822998,1098.8292311353896,1116.6654041209079,1005.7573389083943,803.2487112286971
87,0.2571533918380737,0.6089444160461426,926.5038137056873,872.7951746314421,1207.2793750417688,886.1833816561577
88,0.2510192394256592,0.6118906140327454,1141.903422498422,1032.171609710322,1094.2785110691777,894.1289173393909
89,0.2499954402446746,0.6125361919403076,998.4133045861903,1094.2691928375336,1019.8834611342628,1004.330381680222
90,0.2504516839981079,0.6107468605041504,1092.5992009146426,963.9245008126223,919.6003352333255,1048.2607727358902
91,0.2487531453371048,0.6053992509841919,1296.2615144169483,1292.7993159411667,1094.2039018266937,903.115496004201
92,0.2496978640556335,0.6015522480010986,1254.894778071376,1111.7702264305171,1239.7821276885156,1518.8085238273964
93,0.2449847012758255,0.6201463341712952,1122.3589070448108,1063.2475952968894,1194.8718009662705,1395.8314469557886
94,0.2439806014299392,0.6159045696258545,956.748765163991,903.867103300831,1251.5788821713409,917.1786092351425
95,0.2412492334842682,0.5974410772323608,1006.6313510030166,908.643109049106,948.4372828733996,1411.505219695887
96,0.2397163957357406,0.6062858700752258,942.9246930999209,887.782187360434,1468.1433333089246,971.859513866924
97,0.2390169650316238,0.6066838502883911,1368.5594551172835,1324.8310858592333,997.8040063374589,1232.547249794143
98,0.2426399737596511,0.6073775291442871,1163.9214530335719,1228.6737813394009,1184.1022072015523,1343.8871865181634
99,0.2364337891340255,0.5975885391235352,1057.6792229122075,973.3619043988825,1193.4436393408107,1255.5679727656675
100,0.2314951717853546,0.6155136823654175,1343.6915670429673,1381.693851261025,85.19250000000002,85.19250000000002
101,0.2309131622314453,0.6090636253356934,1106.431006477084,1003.396783614542,85.19250000000002,85.19250000000002
102,0.2318101376295089,0.5976644158363342,802.1740085124059,912.218077144581,85.19250000000002,85.19250000000002
103,0.2298994958400726,0.598312258720398,1304.2981405687028,1376.2185344141228,85.19250000000002,85.19250000000002
104,0.2286494821310043,0.6002169251441956,1339.5438763426976,1442.2482845165014,85.19250000000002,85.19250000000002
105,0.226947396993637,0.6146472692489624,1030.3513216838373,977.3753998856104,85.19250000000002,85.19250000000002
106,0.2282639890909195,0.6130586266517639,909.0892431600686,930.6108718448422,85.19250000000002,85.19250000000002
107,0.2268075495958328,0.5993590354919434,935.9554798914027,883.7726220122224,85.19250000000002,85.19250000000002
108,0.2228227257728576,0.6185389161109924,1182.6898929088206,1147.530493403529,85.19250000000002,85.19250000000002
109,0.2214733064174652,0.6031385064125061,899.7096506436006,854.6979009918953,85.19250000000002,85.19250000000002
110,0.2227512300014495,0.6117807626724243,1218.7814959145123,1222.7794610151668,85.19250000000002,85.19250000000002
111,0.2196554988622665,0.6015600562095642,1136.2154978356393,1199.211688117867,85.19250000000002,85.19250000000002
112,0.2175203263759613,0.6175099611282349,1421.3535129251222,1420.8428484752906,85.19250000000002,85.19250000000002
113,0.2201137542724609,0.5995706915855408,1352.8297729873202,1377.6531617513356,85.19250000000002,85.19250000000002
114,0.2195147275924682,0.6158088445663452,961.5117760994291,852.0432192026087,85.19250000000002,85.19250000000002
115,0.2154974788427353,0.5996177792549133,919.8645419645688,876.5189174865689,85.19250000000002,85.19250000000002
116,0.2168411761522293,0.6137858033180237,960.7112956286652,997.7257839031128,85.19250000000002,85.19250000000002
117,0.2144995480775833,0.6282390356063843,861.7393780376539,822.6779848787094,85.19250000000002,85.19250000000002
118,0.2169851660728454,0.6159773468971252,1003.1805626067993,892.6504879745175,85.19250000000002,85.19250000000002
119,0.2131221741437912,0.6239514350891113,1157.409340290264,1334.6281605090912,85.19250000000002,85.19250000000002
120,0.2140643745660781,0.6126542687416077,940.9887829338517,904.3481015437956,85.19250000000002,85.19250000000002
121,0.2114499807357788,0.625752329826355,1095.2644687221916,1110.2834930632941,85.19250000000002,85.19250000000002
122,0.2075040191411972,0.6262449622154236,989.0143149344632,941.4761834992381,85.19250000000002,85.19250000000002
123,0.2086165994405746,0.616172730922699,1295.2616111111338,1449.5299437370877,85.19250000000002,85.19250000000002
124,0.2099639326333999,0.6197913885116577,975.3125842790542,968.8220239082566,85.19250000000002,85.19250000000002
125,0.2094993591308593,0.6348245739936829,1321.8823409638435,1322.2975410813208,85.19250000000002,85.19250000000002
126,0.2050989866256714,0.6173779368400574,859.8871417883893,851.5046000578448,85.19250000000002,85.19250000000002
127,0.2066393345594406,0.6325971484184265,1432.1108091596432,1430.0526843635748,85.19250000000002,85.19250000000002
128,0.2008704394102096,0.6376279592514038,1049.8187557110589,1298.200594049563,85.19250000000002,85.19250000000002
129,0.202042281627655,0.6198159456253052,1028.5356610785093,870.4412118280047,85.19250000000002,85.19250000000002
130,0.1994983255863189,0.6330934166908264,985.9358120786953,988.7314717399314,85.19250000000002,85.19250000000002
131,0.20034721493721,0.6354632377624512,1013.0090149754589,889.582697915674,85.19250000000002,85.19250000000002
132,0.1991987228393554,0.6377315521240234,1018.8425449313479,939.8366818445162,85.19250000000002,85.19250000000002
133,0.1986961960792541,0.6409264206886292,1157.8588974250958,1249.3044729781986,85.19250000000002,85.19250000000002
134,0.1972570568323135,0.6352404952049255,919.773007770731,945.6614006834083,85.19250000000002,85.19250000000002
135,0.1986022591590881,0.6349385380744934,1357.1430366199336,1360.318968877314,85.19250000000002,85.19250000000002
136,0.1950899362564087,0.6449264287948608,1390.6084196459183,1396.8399712106075,85.19250000000002,85.19250000000002
137,0.1985171735286712,0.6498653888702393,1131.6821464460977,1168.8721597778417,85.19250000000002,85.19250000000002
138,0.1963174492120742,0.6422019004821777,1069.0174189752113,994.9206792315708,85.19250000000002,85.19250000000002
139,0.1940579265356063,0.6511291265487671,921.7962684347979,956.1678019461776,85.19250000000002,85.19250000000002
140,0.1929433643817901,0.6388557553291321,1286.2122770087203,1217.1621520670205,85.19250000000002,85.19250000000002
141,0.1925757378339767,0.6577081084251404,1073.721731390224,1001.4386871826534,85.19250000000002,85.19250000000002
142,0.1888535171747207,0.6435757279396057,1491.764226465529,1413.961049154101,85.19250000000002,85.19250000000002
143,0.1896568685770034,0.6645240783691406,833.3865347177587,853.8882924574802,85.19250000000002,85.19250000000002
144,0.1918942332267761,0.6402803659439087,1212.2909355437148,1290.2025086110034,85.19250000000002,85.19250000000002
145,0.191759780049324,0.6637507677078247,984.9757806620247,875.0787752775667,85.19250000000002,85.19250000000002
146,0.1926645338535308,0.6674916744232178,1020.790879406276,991.1952882538403,85.19250000000002,85.19250000000002
147,0.1879844218492508,0.6584499478340149,929.6387964552982,997.5025266796388,85.19250000000002,85.19250000000002
148,0.1924534291028976,0.6604886054992676,1138.686667511934,1034.26928944888,85.19250000000002,85.19250000000002
149,0.1890361756086349,0.6740777492523193,1207.6474134970472,1114.5876920215871,85.19250000000002,85.19250000000002
150,0.1857213377952575,0.6618742942810059,1146.993332213376,1228.870795379877,85.19250000000002,85.19250000000002
151,0.1846392005681991,0.6681753396987915,1107.4901154179709,1163.202491242362,85.19250000000002,85.19250000000002
152,0.1864237934350967,0.6694949269294739,1049.0978288505905,1147.625323842574,85.19250000000002,85.19250000000002
153,0.1882930696010589,0.6720923781394958,968.9217353257823,920.5191001955718,85.19250000000002,85.19250000000002
154,0.190939724445343,0.6734645366668701,923.7993712916342,923.6195991491663,85.19250000000002,85.19250000000002
155,0.1867938190698623,0.6664465069770813,1097.6814405205562,1095.6666106375008,85.19250000000002,85.19250000000002
156,0.1818231791257858,0.6830319762229919,867.4789650051305,1085.2367836864737,85.19250000000002,85.19250000000002
157,0.1822930574417114,0.6674574017524719,848.9235766710785,879.1055191344554,85.19250000000002,85.19250000000002
158,0.1860821843147277,0.685240626335144,941.0293521056358,901.1854810459067,85.19250000000002,85.19250000000002
159,0.1860878765583038,0.6778228282928467,1167.6257987534393,1212.8491419917307,85.19250000000002,85.19250000000002
160,0.1835479736328125,0.6928786635398865,1233.1074847007483,1221.7823468399124,85.19250000000002,85.19250000000002
161,0.1817360520362854,0.6818292140960693,1212.1445061893069,1188.0148502627983,85.19250000000002,85.19250000000002
162,0.1781328916549682,0.697274386882782,896.1406411452315,1056.6712057720363,85.19250000000002,85.19250000000002
163,0.1942256540060043,0.6794815063476562,1149.4893505073885,1189.0629294601065,85.19250000000002,85.19250000000002
164,0.1878674924373626,0.6981503963470459,1272.2330278625761,1394.9663093674942,85.19250000000002,85.19250000000002
165,0.1773566752672195,0.6856381297111511,1052.5750505977983,913.9804273226117,85.19250000000002,85.19250000000002
166,0.179582342505455,0.7056633830070496,1413.0427913065018,1430.5514316191948,85.19250000000002,85.19250000000002
167,0.1774745136499405,0.6915191411972046,1041.443757310893,1053.901092011158,85.19250000000002,85.19250000000002
168,0.1777095347642898,0.701378583908081,1208.8396400328502,1223.0715590520117,85.19250000000002,85.19250000000002
169,0.1856326609849929,0.7076394557952881,1011.9521880504849,989.829882065984,85.19250000000002,85.19250000000002
170,0.1793079376220703,0.6962642669677734,1385.4447247497822,1507.0865687550481,85.19250000000002,85.19250000000002
171,0.1824309229850769,0.6961584687232971,1300.7342656061376,1016.8710099613058,85.19250000000002,85.19250000000002
172,0.1763200759887695,0.721337080001831,1324.8438905040778,1459.4388371666755,85.19250000000002,85.19250000000002
173,0.1761333346366882,0.6955840587615967,1049.2682827614144,1054.030786582205,85.19250000000002,85.19250000000002
174,0.1894407719373703,0.7058040499687195,1330.9820061950015,1366.6675371468675,85.19250000000002,85.19250000000002
175,0.182772010564804,0.6998065114021301,866.8496991171618,795.1621976735144,85.19250000000002,85.19250000000002
176,0.1769704073667526,0.6955772638320923,986.2497794347053,960.9033019119995,85.19250000000002,85.19250000000002
177,0.1787433475255966,0.7164502143859863,886.8658311927621,820.6248044504518,85.19250000000002,85.19250000000002
178,0.1761277318000793,0.7087893486022949,1116.4624314833256,1152.8966538226,85.19250000000002,85.19250000000002
179,0.1745428889989853,0.7103179097175598,974.6851566816817,1033.8639146776943,85.19250000000002,85.19250000000002
180,0.171528622508049,0.7039734125137329,1252.7692070272167,1202.7658011234719,85.19250000000002,85.19250000000002
181,0.1728475540876388,0.7145282626152039,837.0849218405203,854.8578956631187,85.19250000000002,85.19250000000002
182,0.1795612126588821,0.7205960154533386,1070.3233025813406,918.1819989541572,85.19250000000002,85.19250000000002
183,0.1723586916923523,0.7229522466659546,951.4600665072953,1000.2898823385253,85.19250000000002,85.19250000000002
184,0.1734102219343185,0.7166253924369812,890.6328055715712,847.488125272564,85.19250000000002,85.19250000000002
185,0.1759583801031112,0.7235899567604065,913.7249049297033,1018.9575965669542,85.19250000000002,85.19250000000002
186,0.1708765625953674,0.7334305047988892,981.5792535330687,859.5431278895269,85.19250000000002,85.19250000000002
187,0.1747059673070907,0.7299301028251648,1051.3288163520576,993.7545057107726,85.19250000000002,85.19250000000002
188,0.1736099869012832,0.7146863341331482,956.639355178836,1061.5641014465139,85.19250000000002,85.19250000000002
189,0.168649673461914,0.7280824184417725,1043.8770201673021,961.1263055781498,85.19250000000002,85.19250000000002
190,0.1686397492885589,0.734208345413208,1290.246247249333,1332.561287985357,85.19250000000002,85.19250000000002
191,0.1688115447759628,0.7371466159820557,994.4532463054217,962.4067700625832,85.19250000000002,85.19250000000002
192,0.1690638214349746,0.7274414300918579,898.3530555727413,849.8465253291654,85.19250000000002,85.19250000000002
193,0.1669622808694839,0.7384979128837585,880.4050638074935,880.309726253801,85.19250000000002,85.19250000000002
194,0.1657643169164657,0.7530888319015503,957.0936665134861,1129.3466933272864,85.19250000000002,85.19250000000002
195,0.169094979763031,0.7327606081962585,1388.3189237920194,1441.2232790356456,85.19250000000002,85.19250000000002
196,0.165236085653305,0.741179883480072,1064.8065291120215,1199.7166475279166,85.19250000000002,85.19250000000002
197,0.1686369776725769,0.7580972909927368,1420.26486455603,1529.8357318329433,85.19250000000002,85.19250000000002
198,0.16630819439888,0.7372618317604065,1089.0387489759464,912.4910949928213,85.19250000000002,85.19250000000002
199,0.1689716875553131,0.740720272064209,1140.9919473092307,1172.5061433403964,85.19250000000002,85.19250000000002
200,0.1731807142496109,0.7571510076522827,1359.478299570752,1381.3005838520435,85.19250000000002,85.19250000000002
201,0.1638228297233581,0.738057553768158,1027.8409140117078,1002.2077899346153,85.19250000000002,85.19250000000002
202,0.1677657514810562,0.7498980164527893,1240.1722256309515,1458.7686851602678,85.19250000000002,85.19250000000002
203,0.1631945669651031,0.7319298386573792,1244.045567307032,1146.4516069913975,85.19250000000002,85.19250000000002
204,0.1640923172235489,0.7470978498458862,1123.8096986614064,1018.565596944591,85.19250000000002,85.19250000000002
205,0.1616822481155395,0.7502425312995911,1139.8827607969229,1167.0952300537012,85.19250000000002,85.19250000000002
206,0.1627410948276519,0.7526607513427734,993.8554849149161,919.8473000665607,85.19250000000002,85.19250000000002
207,0.1677886992692947,0.7429231405258179,994.4595852385129,947.9387891751034,85.19250000000002,85.19250000000002
208,0.1627609580755233,0.749190092086792,1229.8359613323516,1199.2162521496928,85.19250000000002,85.19250000000002
209,0.1609370559453964,0.756411612033844,1063.699371058303,1087.068228235199,85.19250000000002,85.19250000000002
210,0.1618907898664474,0.7560036182403564,890.5297345195074,894.249230289463,85.19250000000002,85.19250000000002
211,0.1640086024999618,0.7592797875404358,1200.155555255155,1147.4525879158375,85.19250000000002,85.19250000000002
212,0.1628423333168029,0.745765745639801,940.4835699664787,938.5200220521316,85.19250000000002,85.19250000000002
213,0.1597838550806045,0.7505555748939514,1080.273779412007,1266.6678249444399,85.19250000000002,85.19250000000002
214,0.1605441719293594,0.7435819506645203,1126.9346658967331,1039.5453102393933,85.19250000000002,85.19250000000002
215,0.1590916216373443,0.7683159112930298,1248.554830750827,1074.3844034555839,85.19250000000002,85.19250000000002
216,0.1655546575784683,0.731306254863739,1250.2913180818452,1185.8725444352779,85.19250000000002,85.19250000000002
217,0.161040648818016,0.7689849734306335,937.287416512537,879.2322977962805,85.19250000000002,85.19250000000002
218,0.1604988873004913,0.7551839351654053,1037.0776903656297,1133.0232111308833,85.19250000000002,85.19250000000002
219,0.1603041887283325,0.7678307890892029,1396.3323494486594,1265.939354753593,85.19250000000002,85.19250000000002
220,0.167612075805664,0.7481458783149719,862.4475636426089,902.121678074154,85.19250000000002,85.19250000000002
221,0.1604858338832855,0.7709445357322693,1015.7406514124733,999.6481287523667,85.19250000000002,85.19250000000002
222,0.158775195479393,0.7616607546806335,1319.3366254343957,1430.4615455479607,85.19250000000002,85.19250000000002
223,0.157733753323555,0.7494436502456665,1303.2877146339567,1185.6595562834118,85.19250000000002,85.19250000000002
224,0.1594236642122268,0.7551190853118896,1348.439554706979,1317.013279677789,85.19250000000002,85.19250000000002
225,0.1589769721031189,0.7686599493026733,890.7468429778828,925.9918180799067,85.19250000000002,85.19250000000002
226,0.1638966351747512,0.7552760243415833,1325.8943784959604,1289.1744604422636,85.19250000000002,85.19250000000002
227,0.1626113355159759,0.7594588994979858,1029.2723718823747,928.7192708210807,85.19250000000002,85.19250000000002
228,0.1606703251600265,0.7509381175041199,1332.1605406353276,1222.7921388813493,85.19250000000002,85.19250000000002
229,0.1615208238363266,0.7582574486732483,1198.9090674520905,1015.8366862488058,85.19250000000002,85.19250000000002
230,0.1628764867782592,0.7721228003501892,1205.4053328626703,1311.9373156156357,85.19250000000002,85.19250000000002
231,0.1644130945205688,0.7399765849113464,1234.60664237683,1158.0649127505615,85.19250000000002,85.19250000000002
232,0.1668757796287536,0.7722282409667969,897.7709513469713,987.9297868718803,85.19250000000002,85.19250000000002
233,0.1751175075769424,0.7436412572860718,1231.8068624090845,1364.5475443638281,85.19250000000002,85.19250000000002
234,0.1660950481891632,0.761873185634613,1081.4184639496257,1002.5526912841104,85.19250000000002,85.19250000000002
235,0.165653571486473,0.7595779299736023,915.352362611552,977.8588703124803,85.19250000000002,85.19250000000002
236,0.1620814949274063,0.7729917168617249,1347.265457519817,1418.4831172427403,85.19250000000002,85.19250000000002
237,0.1674610078334808,0.7552204728126526,880.8535433236997,873.2456192169068,85.19250000000002,85.19250000000002
238,0.159130573272705,0.7677781581878662,826.2464872624311,774.0134250331683,85.19250000000002,85.19250000000002
239,0.1603144407272339,0.7572212219238281,943.6294556810067,891.6370827412187,85.19250000000002,85.19250000000002
240,0.1714399009943008,0.7419662475585938,1191.740875133838,1184.8717536788306,85.19250000000002,85.19250000000002
241,0.1636061072349548,0.77126145362854,1403.764621719494,1420.464287391081,85.19250000000002,85.19250000000002
242,0.1545497179031372,0.7276550531387329,1073.2985442170518,1098.391084080122,85.19250000000002,85.19250000000002
243,0.1677175909280777,0.7777395844459534,1158.716047957695,1155.6652462395361,85.19250000000002,85.19250000000002
244,0.1549963802099228,0.7538881897926331,1039.22139075843,1130.748294823094,85.19250000000002,85.19250000000002
245,0.1544558852910995,0.7545642852783203,920.4548234140265,815.1595031178338,85.19250000000002,85.19250000000002
246,0.1544902473688125,0.7588998675346375,1142.5769975286987,895.7511770961049,85.19250000000002,85.19250000000002
247,0.1592503190040588,0.7639427781105042,918.298001429727,947.5135101540111,85.19250000000002,85.19250000000002
248,0.1569556891918182,0.7742498517036438,1162.3043912019928,1166.298933278778,85.19250000000002,85.19250000000002
249,0.1495900452136993,0.7415188550949097,958.2989512514575,1108.5598103771201,85.19250000000002,85.19250000000002
250,0.1511591374874115,0.7628268599510193,1282.625201551041,1305.9657870863502,85.19250000000002,85.19250000000002
251,0.1508921980857849,0.7537877559661865,1552.7860926471544,1463.230026269893,85.19250000000002,85.19250000000002
252,0.1547454595565796,0.7753797173500061,1147.1040099851496,1163.3092388756183,85.19250000000002,85.19250000000002
253,0.1577925086021423,0.7482237219810486,1238.2110865111795,1069.785380719217,85.19250000000002,85.19250000000002
254,0.1592231392860412,0.7410792708396912,922.712244266484,860.555518893531,85.19250000000002,85.19250000000002
255,0.156638815999031,0.7627418041229248,1159.4058506566855,1174.6285449180102,85.19250000000002,85.19250000000002
256,0.1487543731927871,0.757864236831665,1149.0080987071005,1111.6802769699523,85.19250000000002,85.19250000000002
257,0.148947536945343,0.7589303851127625,1245.3463163773574,1177.382431010175,85.19250000000002,85.19250000000002
258,0.1527309864759445,0.7466331720352173,964.3844537977238,902.8995285537819,85.19250000000002,85.19250000000002
259,0.1676398813724517,0.7717994451522827,1199.825677177086,1226.0101616544557,85.19250000000002,85.19250000000002
260,0.1536680907011032,0.7566765546798706,893.4705557485332,847.5248910844933,85.19250000000002,85.19250000000002
261,0.1487640440464019,0.7498784065246582,989.0541868236072,1011.2358252218422,85.19250000000002,85.19250000000002
262,0.1493844985961914,0.7657102942466736,1044.3807117907334,904.9587309684761,85.19250000000002,85.19250000000002
263,0.1518336534500122,0.7317857146263123,1209.6047492569649,1210.6849034557144,85.19250000000002,85.19250000000002
264,0.1498744338750839,0.7796623110771179,1046.8189190149535,1014.4286824305763,85.19250000000002,85.19250000000002
265,0.1567050367593765,0.7450038194656372,1328.9032164770554,1413.027324309759,85.19250000000002,85.19250000000002
266,0.1526829600334167,0.7529894113540649,1393.8528123806846,1411.4041771024124,85.19250000000002,85.19250000000002
267,0.1528110951185226,0.7619292736053467,1410.7786511849674,1444.8139042958562,85.19250000000002,85.19250000000002
268,0.1512580662965774,0.7607868909835815,1385.2316098192543,1278.618361944059,85.19250000000002,85.19250000000002
269,0.152419626712799,0.7470430135726929,1334.2701375680972,1083.3517117637966,85.19250000000002,85.19250000000002
270,0.1504417210817337,0.7804248332977295,874.738564738559,851.9577703845388,85.19250000000002,85.19250000000002
271,0.1598547101020813,0.7465580701828003,1043.5113905065984,1000.2896921705327,85.19250000000002,85.19250000000002
272,0.1489817649126052,0.7443098425865173,1079.519953488795,809.4014064657307,85.19250000000002,85.19250000000002
273,0.1518191695213318,0.7442080974578857,992.1353520312732,931.431383344174,85.19250000000002,85.19250000000002
274,0.149960771203041,0.7619808316230774,1113.1533816310289,1139.362904894109,85.19250000000002,85.19250000000002
275,0.1437478065490722,0.7767276167869568,1403.8837936616096,1451.6364979819734,85.19250000000002,85.19250000000002
276,0.1569763422012329,0.7360632419586182,938.4299458129047,938.130494613674,85.19250000000002,85.19250000000002
277,0.1533604115247726,0.7689862251281738,948.8647805210738,881.1718845435427,85.19250000000002,85.19250000000002
278,0.154510423541069,0.7319085597991943,870.598417368668,906.5941757060195,85.19250000000002,85.19250000000002
279,0.1493897885084152,0.743539571762085,1126.2277480783964,1191.9135476712436,85.19250000000002,85.19250000000002
280,0.1486571282148361,0.7639346122741699,1367.826294115949,1411.2967955758465,85.19250000000002,85.19250000000002
281,0.1456929445266723,0.7389152646064758,1288.3673874810852,1343.0878470553562,85.19250000000002,85.19250000000002
282,0.15529565513134,0.729389488697052,1050.9882888663956,894.5465262514429,85.19250000000002,85.19250000000002
283,0.153591975569725,0.7447649240493774,1011.2661887113493,1002.3568182515908,85.19250000000002,85.19250000000002
284,0.1502978354692459,0.7432130575180054,1086.7462104341635,1152.3657047868762,85.19250000000002,85.19250000000002
285,0.1500409841537475,0.7203385829925537,1091.506495628372,1078.6773825023051,85.19250000000002,85.19250000000002
286,0.1489137113094329,0.7597922682762146,901.3379957760823,950.3054932340542,85.19250000000002,85.19250000000002
287,0.1472051590681076,0.7411973476409912,1018.3877264820504,1196.2863972749149,85.19250000000002,85.19250000000002
288,0.1446904093027115,0.7436480522155762,1094.936365545388,984.7525234385508,85.19250000000002,85.19250000000002
289,0.1485036462545395,0.7583270072937012,1308.123813467937,1240.2875942132125,85.19250000000002,85.19250000000002
290,0.1471813470125198,0.7481479644775391,1119.382777958467,1056.0222891914846,85.19250000000002,85.19250000000002
291,0.1533889919519424,0.7407852411270142,1092.8960531513062,1047.653502945748,85.19250000000002,85.19250000000002
292,0.1534444838762283,0.7334219217300415,777.082799825285,889.0805910255157,85.19250000000002,85.19250000000002
293,0.152596428990364,0.7648882865905762,1192.0328463920212,1113.4442752705866,85.19250000000002,85.19250000000002
294,0.1475953161716461,0.7346183657646179,1285.3828910030604,1464.615843822303,85.19250000000002,85.19250000000002
295,0.1517478227615356,0.7498587965965271,1287.201150570956,1282.9085518602203,85.19250000000002,85.19250000000002
296,0.1418566256761551,0.7327897548675537,1284.0385300730672,1197.2514364487274,85.19250000000002,85.19250000000002
297,0.1444429457187652,0.7671040296554565,1321.9250653728786,1366.4436460300844,85.19250000000002,85.19250000000002
298,0.157367929816246,0.7298934459686279,1272.9201682096682,1367.4426618852663,85.19250000000002,85.19250000000002
299,0.1533047258853912,0.7371694445610046,900.89743992624,870.8789151579558,85.19250000000002,85.19250000000002
300,0.1482785642147064,0.7510454058647156,905.8311583298255,909.6979075154909,85.19250000000002,85.19250000000002
301,0.1449069827795028,0.7474048733711243,998.9538888002124,928.1064227698183,85.19250000000002,85.19250000000002
302,0.1454913765192031,0.7457305788993835,1140.0355290844223,1080.8465020168019,85.19250000000002,85.19250000000002
303,0.142938420176506,0.7428886294364929,1384.217887639301,1373.4519704557756,85.19250000000002,85.19250000000002
304,0.1476730406284332,0.7408226132392883,1028.1699046391439,1083.307085674834,85.19250000000002,85.19250000000002
305,0.1468356549739837,0.7272085547447205,968.2308550081664,880.5992253280787,85.19250000000002,85.19250000000002
306,0.1468305438756942,0.7489215731620789,1007.9020535304894,905.0673802816601,85.19250000000002,85.19250000000002
307,0.1440693289041519,0.7521334886550903,1183.0117839311945,1272.0072350658656,85.19250000000002,85.19250000000002
308,0.1430811136960983,0.7407651543617249,865.0132468112942,939.5975772883139,85.19250000000002,85.19250000000002
309,0.1457076519727707,0.720999538898468,1105.384258455725,1096.5262967433368,85.19250000000002,85.19250000000002
310,0.1470136791467666,0.7650919556617737,1360.0135590809775,1449.291346295533,85.19250000000002,85.19250000000002
311,0.1486072689294815,0.7398637533187866,1277.5141197995624,1416.0048479613833,85.19250000000002,85.19250000000002
312,0.1434590369462967,0.7371697425842285,1070.262068487679,1014.2257731823252,85.19250000000002,85.19250000000002
313,0.1454032361507415,0.7389267683029175,1407.3333142712086,1452.8640957644259,85.19250000000002,85.19250000000002
314,0.142909437417984,0.7552810907363892,1221.1456644002267,1382.827632833727,85.19250000000002,85.19250000000002
315,0.1430225223302841,0.7535640001296997,1127.9397671276824,1042.5213125470755,85.19250000000002,85.19250000000002
316,0.1489218473434448,0.723412036895752,914.549093010228,908.1614135235018,85.19250000000002,85.19250000000002
317,0.1456713825464248,0.7249627113342285,1032.602213435211,1199.5510745955728,85.19250000000002,85.19250000000002
318,0.1379517763853073,0.7485199570655823,982.4991595032716,885.7501155793703,85.19250000000002,85.19250000000002
319,0.1409059464931488,0.7209323644638062,826.1981845922757,902.7974717310127,85.19250000000002,85.19250000000002
320,0.1425094455480575,0.748324990272522,801.8944615630814,882.6404885621246,85.19250000000002,85.19250000000002
321,0.1410935372114181,0.7370129227638245,1397.3842320058225,1338.6218151352437,85.19250000000002,85.19250000000002
322,0.1472087651491165,0.7480383515357971,1196.6906944274751,1187.857771500797,85.19250000000002,85.19250000000002
323,0.1435748636722564,0.7508272528648376,1080.7299290372534,1092.4726124208103,85.19250000000002,85.19250000000002
324,0.1486548334360122,0.7331405878067017,798.1968351122907,807.1441757812659,85.19250000000002,85.19250000000002
325,0.1420246362686157,0.7282047271728516,871.9594496926912,931.3683109599161,85.19250000000002,85.19250000000002
326,0.1432475298643112,0.7392179369926453,1360.9230692009105,1441.7826264916182,85.19250000000002,85.19250000000002
327,0.1395545601844787,0.7298798561096191,1206.837171069323,1309.6809089924727,85.19250000000002,85.19250000000002
328,0.15133897960186,0.7566160559654236,951.7297247209974,853.8988150864118,85.19250000000002,85.19250000000002
329,0.146225169301033,0.7010263204574585,1095.660652040395,1174.293849250792,85.19250000000002,85.19250000000002
330,0.1496605426073074,0.7616460919380188,891.488181202905,896.9480310530646,85.19250000000002,85.19250000000002
331,0.1457138210535049,0.7378185987472534,1148.787250278201,1043.4220115500118,85.19250000000002,85.19250000000002
332,0.1458426862955093,0.703453540802002,1278.5315185607087,1372.1381631832821,85.19250000000002,85.19250000000002
333,0.1398288160562515,0.7309055328369141,1009.5797789517519,849.6114143008108,85.19250000000002,85.19250000000002
334,0.1400808691978454,0.740419328212738,1492.9660881796308,1443.6939415972934,85.19250000000002,85.19250000000002
335,0.1379791349172592,0.7194154858589172,827.0552083462136,916.4458285697933,85.19250000000002,85.19250000000002
336,0.142230823636055,0.733754575252533,1046.3732286293075,963.5070186792323,85.19250000000002,85.19250000000002
337,0.1388409584760666,0.7379891872406006,1100.575797370023,1178.9736299947417,85.19250000000002,85.19250000000002
338,0.1419013440608978,0.7337520122528076,885.3092427828736,987.5671998990608,85.19250000000002,85.19250000000002
339,0.1427997499704361,0.7303227186203003,1118.3180273671287,1064.0288054110554,85.19250000000002,85.19250000000002
340,0.1429409384727478,0.7259497046470642,1078.6855597259932,1164.1552328859773,85.19250000000002,85.19250000000002
341,0.1493065804243087,0.7277603149414062,912.7213250426956,739.3177818728328,85.19250000000002,85.19250000000002
342,0.1402768045663833,0.7236571311950684,1464.4439319568683,1415.7653630691957,85.19250000000002,85.19250000000002
343,0.1425925195217132,0.7450302839279175,1115.1715077592917,1009.8013246632913,85.19250000000002,85.19250000000002
344,0.1395789384841919,0.7467703223228455,1389.2791453766824,1356.5185249317833,85.19250000000002,85.19250000000002
345,0.1381476074457168,0.7224301695823669,1132.0737023431443,1246.1527554452268,85.19250000000002,85.19250000000002
346,0.1396833658218383,0.7381584644317627,997.4071891259464,1059.5440736383237,85.19250000000002,85.19250000000002
347,0.1387647241353988,0.7235944867134094,984.6382324749156,932.0139946845914,85.19250000000002,85.19250000000002
348,0.136850968003273,0.7053546905517578,769.57477730401,899.4581217785397,85.19250000000002,85.19250000000002
349,0.1406663358211517,0.7541301250457764,1347.000616895264,1283.5396560387856,85.19250000000002,85.19250000000002
350,0.1354743242263794,0.7182154655456543,1067.143757132098,1310.7046466867105,85.19250000000002,85.19250000000002
351,0.1405169516801834,0.7160963416099548,1017.7311397924582,917.1010840834364,85.19250000000002,85.19250000000002
352,0.138241171836853,0.7149442434310913,1185.014252894722,1007.992319937709,85.19250000000002,85.19250000000002
353,0.1375171989202499,0.7400043606758118,1102.261002732333,1244.8451603271626,85.19250000000002,85.19250000000002
354,0.1370713114738464,0.7207549810409546,984.6285972966168,902.9416824588388,85.19250000000002,85.19250000000002
355,0.1359816938638687,0.7203032970428467,1211.1633661254425,1123.5821309634305,85.19250000000002,85.19250000000002
356,0.1389452964067459,0.7234855890274048,1098.0300184512441,1300.400584168214,85.19250000000002,85.19250000000002
357,0.1406338810920715,0.7122380137443542,1164.3828005839532,1136.7053705849314,85.19250000000002,85.19250000000002
358,0.1393569707870483,0.7273496389389038,1031.145336442848,904.4956719061598,85.19250000000002,85.19250000000002
359,0.1419554650783538,0.7058762311935425,984.6786114787068,1219.740196155234,85.19250000000002,85.19250000000002
360,0.1438785791397094,0.7045838236808777,934.1233380600373,852.4821269298473,85.19250000000002,85.19250000000002
361,0.135513886809349,0.7498958110809326,934.9938003521285,848.9862687193513,85.19250000000002,85.19250000000002
362,0.1374078541994094,0.7000692486763,929.7210758068227,929.407805733453,85.19250000000002,85.19250000000002
363,0.1423079818487167,0.727662980556488,1054.0106921643055,1124.129624614522,85.19250000000002,85.19250000000002
364,0.1389747560024261,0.7358294725418091,1292.2299529709103,1319.717088198533,85.19250000000002,85.19250000000002
365,0.1385597735643386,0.7202193737030029,932.9633133043376,873.3819062783687,85.19250000000002,85.19250000000002
366,0.136943370103836,0.7087446451187134,1322.6561979156238,1376.2520039808446,85.19250000000002,85.19250000000002
367,0.1372732371091842,0.742560863494873,1052.7992586612359,929.9876913326408,85.19250000000002,85.19250000000002
368,0.1358159333467483,0.7084792256355286,1387.4665908485688,1362.4042243070132,85.19250000000002,85.19250000000002
369,0.1337024271488189,0.7257320284843445,971.3017511442246,946.4398850563452,85.19250000000002,85.19250000000002
370,0.1360826641321182,0.7278066873550415,1076.7061644789178,941.8520822315496,85.19250000000002,85.19250000000002
371,0.1396300196647644,0.719606339931488,999.667335719633,1090.4693827853118,85.19250000000002,85.19250000000002
372,0.1353115439414978,0.7286440134048462,1104.2897148788581,1249.5344494707492,85.19250000000002,85.19250000000002
373,0.1342588812112808,0.7156033515930176,1258.1759366180715,1499.1948506137596,85.19250000000002,85.19250000000002
374,0.139254480600357,0.6995173692703247,894.7385325347769,892.1251805892452,85.19250000000002,85.19250000000002
375,0.1326286196708679,0.7192815542221069,832.0246149431027,927.6498294192553,85.19250000000002,85.19250000000002
376,0.1319649368524551,0.7014650702476501,1079.5567193007241,1056.3971103051704,85.19250000000002,85.19250000000002
377,0.136796548962593,0.7228912115097046,993.9992519174259,1058.1148977835694,85.19250000000002,85.19250000000002
378,0.138470858335495,0.7412455677986145,1074.3841498982601,997.268303101917,85.19250000000002,85.19250000000002
379,0.1342313885688781,0.7033367156982422,1200.6871381841877,1259.9917873913923,85.19250000000002,85.19250000000002
380,0.1466731429100036,0.7242020964622498,1234.1087825718428,1224.159446749133,85.19250000000002,85.19250000000002
381,0.1376866102218628,0.7257211804389954,903.8156311641301,980.0485279701925,85.19250000000002,85.19250000000002
382,0.1344119310379028,0.7127807140350342,1049.2410253491219,974.9920878219604,85.19250000000002,85.19250000000002
383,0.1353697478771209,0.7165251970291138,1226.944900728092,1177.8815586017804,85.19250000000002,85.19250000000002
384,0.145515576004982,0.7022536396980286,1167.662184229383,1064.91479808922,85.19250000000002,85.19250000000002
385,0.1327671557664871,0.7128115892410278,1312.1291317309772,1410.4516890161206,85.19250000000002,85.19250000000002
386,0.1328143626451492,0.717104971408844,1151.397369367856,1120.7994027257002,85.19250000000002,85.19250000000002
387,0.1324998885393142,0.6989723443984985,1079.138096159378,1179.6601364485246,85.19250000000002,85.19250000000002
388,0.1352529972791671,0.730278730392456,1088.8127660112434,1070.1868887412168,85.19250000000002,85.19250000000002
389,0.135034441947937,0.7340327501296997,1367.9691736678258,1500.923350889083,85.19250000000002,85.19250000000002
390,0.1305660307407379,0.7131238579750061,1213.2463395392288,1441.2183346678346,85.19250000000002,85.19250000000002
391,0.135473757982254,0.7138484120368958,803.5744056109257,797.1602293838778,85.19250000000002,85.19250000000002
392,0.1320317387580871,0.7313557267189026,1031.5029156585256,1019.8726849480078,85.19250000000002,85.19250000000002
393,0.1307604759931564,0.7048786878585815,1162.783994879677,1254.5830293419483,85.19250000000002,85.19250000000002
394,0.1339646875858307,0.7146750092506409,1297.1896610001697,1246.357756541398,85.19250000000002,85.19250000000002
395,0.1327158510684967,0.6961790323257446,959.1797460044872,1007.1676881318677,85.19250000000002,85.19250000000002
396,0.1350598186254501,0.727632462978363,1110.7271549903512,1091.9189700046202,85.19250000000002,85.19250000000002
397,0.1360955238342285,0.7300442457199097,933.161721910094,866.497127658626,85.19250000000002,85.19250000000002
398,0.1310095638036728,0.691139280796051,932.6897249521191,1049.3465685850913,85.19250000000002,85.19250000000002
399,0.1380199342966079,0.7335159182548523,853.3105620955433,848.4446702760345,85.19250000000002,85.19250000000002
400,0.1385773420333862,0.7176905274391174,85.19250000000002,85.19250000000002,85.19250000000002,85.19250000000002
401,0.1397346705198288,0.7019945383071899,85.19250000000002,85.19250000000002,85.19250000000002,85.19250000000002
402,0.1278208494186401,0.6934497356414795,85.19250000000002,85.19250000000002,85.19250000000002,85.19250000000002
403,0.1293841004371643,0.7121623158454895,85.19250000000002,85.19250000000002,85.19250000000002,85.19250000000002
404,0.1312440633773803,0.6949629783630371,85.19250000000002,85.19250000000002,85.19250000000002,85.19250000000002
405,0.1320329755544662,0.7230497002601624,85.19250000000002,85.19250000000002,85.19250000000002,85.19250000000002
406,0.1305854767560959,0.697930097579956,85.19250000000002,85.19250000000002,85.19250000000002,85.19250000000002
407,0.1327238231897354,0.7325931787490845,85.19250000000002,85.19250000000002,85.19250000000002,85.19250000000002
408,0.131408080458641,0.7018116116523743,85.19250000000002,85.19250000000002,85.19250000000002,85.19250000000002
409,0.1382455825805664,0.7046319842338562,85.19250000000002,85.19250000000002,85.19250000000002,85.19250000000002
410,0.1308812648057937,0.6930314898490906,85.19250000000002,85.19250000000002,85.19250000000002,85.19250000000002
411,0.1346306353807449,0.7159514427185059,85.19250000000002,85.19250000000002,85.19250000000002,85.19250000000002
412,0.135890707373619,0.7162637114524841,85.19250000000002,85.19250000000002,85.19250000000002,85.19250000000002
413,0.1352046579122543,0.7265415191650391,85.19250000000002,85.19250000000002,85.19250000000002,85.19250000000002
414,0.1372935622930526,0.7122018933296204,85.19250000000002,85.19250000000002,85.19250000000002,85.19250000000002
415,0.1256488263607025,0.696738064289093,85.19250000000002,85.19250000000002,85.19250000000002,85.19250000000002
416,0.1343790888786316,0.7168467044830322,85.19250000000002,85.19250000000002,85.19250000000002,85.19250000000002
417,0.1338515132665634,0.6917759776115417,85.19250000000002,85.19250000000002,85.19250000000002,85.19250000000002
418,0.1349849551916122,0.6771093010902405,85.19250000000002,85.19250000000002,85.19250000000002,85.19250000000002
419,0.1350755244493484,0.7140445113182068,85.19250000000002,85.19250000000002,85.19250000000002,85.19250000000002
420,0.131325364112854,0.7013336420059204,85.19250000000002,85.19250000000002,85.19250000000002,85.19250000000002
421,0.1280648410320282,0.6892728209495544,85.19250000000002,85.19250000000002,85.19250000000002,85.19250000000002
422,0.1307979524135589,0.7089110016822815,85.19250000000002,85.19250000000002,85.19250000000002,85.19250000000002
423,0.1314872205257415,0.7083309292793274,85.19250000000002,85.19250000000002,85.19250000000002,85.19250000000002
424,0.1307879090309143,0.7075003981590271,85.19250000000002,85.19250000000002,85.19250000000002,85.19250000000002
425,0.1324787735939026,0.6879405975341797,85.19250000000002,85.19250000000002,85.19250000000002,85.19250000000002
426,0.1333096325397491,0.6877350807189941,85.19250000000002,85.19250000000002,85.19250000000002,85.19250000000002
427,0.12885083258152,0.7109639048576355,85.19250000000002,85.19250000000002,85.19250000000002,85.19250000000002
428,0.1352561861276626,0.713161289691925,85.19250000000002,85.19250000000002,85.19250000000002,85.19250000000002
429,0.1331734508275985,0.708007276058197,85.19250000000002,85.19250000000002,85.19250000000002,85.19250000000002
430,0.1273853778839111,0.7069700360298157,85.19250000000002,85.19250000000002,85.19250000000002,85.19250000000002
431,0.1300256103277206,0.7088835835456848,85.19250000000002,85.19250000000002,85.19250000000002,85.19250000000002
432,0.1310588121414184,0.7100027203559875,85.19250000000002,85.19250000000002,85.19250000000002,85.19250000000002
433,0.1351300030946731,0.6954351663589478,85.19250000000002,85.19250000000002,85.19250000000002,85.19250000000002
434,0.1325742751359939,0.6944555640220642,85.19250000000002,85.19250000000002,85.19250000000002,85.19250000000002
435,0.1246112287044525,0.705402135848999,85.19250000000002,85.19250000000002,85.19250000000002,85.19250000000002
436,0.1308762580156326,0.707129716873169,85.19250000000002,85.19250000000002,85.19250000000002,85.19250000000002
437,0.131057783961296,0.6894546747207642,85.19250000000002,85.19250000000002,85.19250000000002,85.19250000000002
438,0.129256933927536,0.70125412940979,85.19250000000002,85.19250000000002,85.19250000000002,85.19250000000002
439,0.1305933147668838,0.7094346880912781,85.19250000000002,85.19250000000002,85.19250000000002,85.19250000000002
440,0.1334413588047027,0.695726752281189,85.19250000000002,85.19250000000002,85.19250000000002,85.19250000000002
441,0.1302611678838729,0.7048178315162659,85.19250000000002,85.19250000000002,85.19250000000002,85.19250000000002
442,0.1343407183885574,0.6981427073478699,85.19250000000002,85.19250000000002,85.19250000000002,85.19250000000002
443,0.1327525079250335,0.6950374841690063,85.19250000000002,85.19250000000002,85.19250000000002,85.19250000000002
444,0.13005031645298,0.6808040738105774,85.19250000000002,85.19250000000002,85.19250000000002,85.19250000000002
445,0.1277607381343841,0.707665205001831,85.19250000000002,85.19250000000002,85.19250000000002,85.19250000000002
446,0.1258545666933059,0.685445249080658,85.19250000000002,85.19250000000002,85.19250000000002,85.19250000000002
447,0.1274677217006683,0.7043974995613098,85.19250000000002,85.19250000000002,85.19250000000002,85.19250000000002
448,0.1305591762065887,0.6919010877609253,85.19250000000002,85.19250000000002,85.19250000000002,85.19250000000002
449,0.1299154162406921,0.7113398909568787,85.19250000000002,85.19250000000002,85.19250000000002,85.19250000000002
450,0.1263850629329681,0.6760051250457764,85.19250000000002,85.19250000000002,85.19250000000002,85.19250000000002
451,0.128536194562912,0.7048296928405762,85.19250000000002,85.19250000000002,85.19250000000002,85.19250000000002
452,0.1267795115709304,0.6855279803276062,85.19250000000002,85.19250000000002,85.19250000000002,85.19250000000002
453,0.1261935085058212,0.6826056838035583,85.19250000000002,85.19250000000002,85.19250000000002,85.19250000000002
454,0.1251819282770156,0.702858030796051,85.19250000000002,85.19250000000002,85.19250000000002,85.19250000000002
455,0.1346770524978637,0.7065247297286987,85.19250000000002,85.19250000000002,85.19250000000002,85.19250000000002
456,0.1262340098619461,0.6780144572257996,85.19250000000002,85.19250000000002,85.19250000000002,85.19250000000002
457,0.1254372745752334,0.7057739496231079,85.19250000000002,85.19250000000002,85.19250000000002,85.19250000000002
458,0.127368226647377,0.6818953156471252,85.19250000000002,85.19250000000002,85.19250000000002,85.19250000000002
459,0.1271200478076934,0.6996551752090454,85.19250000000002,85.19250000000002,85.19250000000002,85.19250000000002
460,0.1266219019889831,0.7120707631111145,85.19250000000002,85.19250000000002,85.19250000000002,85.19250000000002
461,0.1328099370002746,0.6915757060050964,85.19250000000002,85.19250000000002,85.19250000000002,85.19250000000002
462,0.1259446740150451,0.7015932202339172,85.19250000000002,85.19250000000002,85.19250000000002,85.19250000000002
463,0.127242624759674,0.6898276805877686,85.19250000000002,85.19250000000002,85.19250000000002,85.19250000000002
464,0.1271921694278717,0.6871518492698669,85.19250000000002,85.19250000000002,85.19250000000002,85.19250000000002
465,0.1280217766761779,0.6853929758071899,85.19250000000002,85.19250000000002,85.19250000000002,85.19250000000002
466,0.1335066109895706,0.7246198058128357,85.19250000000002,85.19250000000002,85.19250000000002,85.19250000000002
467,0.1290652900934219,0.678144097328186,85.19250000000002,85.19250000000002,85.19250000000002,85.19250000000002
468,0.1248804852366447,0.6963167786598206,85.19250000000002,85.19250000000002,85.19250000000002,85.19250000000002
469,0.1332702785730362,0.6957182288169861,85.19250000000002,85.19250000000002,85.19250000000002,85.19250000000002
470,0.1332241892814636,0.6740719676017761,85.19250000000002,85.19250000000002,85.19250000000002,85.19250000000002
471,0.1304559111595153,0.6790120005607605,85.19250000000002,85.19250000000002,85.19250000000002,85.19250000000002
472,0.1258109211921692,0.6981027126312256,85.19250000000002,85.19250000000002,85.19250000000002,85.19250000000002
473,0.1308541744947433,0.6741204857826233,85.19250000000002,85.19250000000002,85.19250000000002,85.19250000000002
474,0.1273528337478637,0.6912128329277039,85.19250000000002,85.19250000000002,85.19250000000002,85.19250000000002
475,0.1390328407287597,0.6865803599357605,85.19250000000002,85.19250000000002,85.19250000000002,85.19250000000002
476,0.139656662940979,0.6712701320648193,85.19250000000002,85.19250000000002,85.19250000000002,85.19250000000002
477,0.1360705494880676,0.6793411374092102,85.19250000000002,85.19250000000002,85.19250000000002,85.19250000000002
478,0.1283307075500488,0.6943759322166443,85.19250000000002,85.19250000000002,85.19250000000002,85.19250000000002
479,0.1313917487859726,0.6789920330047607,85.19250000000002,85.19250000000002,85.19250000000002,85.19250000000002
480,0.1275637298822403,0.6951032876968384,85.19250000000002,85.19250000000002,85.19250000000002,85.19250000000002
481,0.1291753351688385,0.6853598952293396,85.19250000000002,85.19250000000002,85.19250000000002,85.19250000000002
482,0.1264237165451049,0.6687139272689819,85.19250000000002,85.19250000000002,85.19250000000002,85.19250000000002
483,0.1241222321987152,0.7041370868682861,85.19250000000002,85.19250000000002,85.19250000000002,85.19250000000002
484,0.1298973858356475,0.6642662882804871,85.19250000000002,85.19250000000002,85.19250000000002,85.19250000000002
485,0.1283264309167862,0.6791939735412598,85.19250000000002,85.19250000000002,85.19250000000002,85.19250000000002
486,0.1271532028913498,0.6969056725502014,85.19250000000002,85.19250000000002,85.19250000000002,85.19250000000002
487,0.1243026182055473,0.6764345765113831,85.19250000000002,85.19250000000002,85.19250000000002,85.19250000000002
488,0.122598685324192,0.6810153722763062,85.19250000000002,85.19250000000002,85.19250000000002,85.19250000000002
489,0.1299661099910736,0.7115770578384399,85.19250000000002,85.19250000000002,85.19250000000002,85.19250000000002
490,0.1264836639165878,0.6640059947967529,85.19250000000002,85.19250000000002,85.19250000000002,85.19250000000002
491,0.1271640807390213,0.6701327562332153,85.19250000000002,85.19250000000002,85.19250000000002,85.19250000000002
492,0.1269760727882385,0.6848533749580383,85.19250000000002,85.19250000000002,85.19250000000002,85.19250000000002
493,0.1233552172780036,0.6751464605331421,85.19250000000002,85.19250000000002,85.19250000000002,85.19250000000002
494,0.1279077678918838,0.6623725295066833,85.19250000000002,85.19250000000002,85.19250000000002,85.19250000000002
495,0.1279870718717575,0.696899950504303,85.19250000000002,85.19250000000002,85.19250000000002,85.19250000000002
496,0.1255592107772827,0.6649472117424011,85.19250000000002,85.19250000000002,85.19250000000002,85.19250000000002
497,0.1247179061174392,0.6935980916023254,85.19250000000002,85.19250000000002,85.19250000000002,85.19250000000002
498,0.1260735392570495,0.6629211902618408,85.19250000000002,85.19250000000002,85.19250000000002,85.19250000000002
499,0.1258653402328491,0.6941721439361572,85.19250000000002,85.19250000000002,85.19250000000002,85.19250000000002
